date,open,high,low,close,volume,outlier
2022-01-01,109.43,114.5,108.42,114.13,1211127.98,False
2022-01-02,114.12,117.53,112.0,113.03,1157325.57,False
2022-01-03,113.02,114.13,106.01,108.11,1518111.91,False
2022-01-04,108.11,109.28,102.78,103.33,1646729.79,False
2022-01-05,103.33,106.66,90.4,97.42,2277529.75,False
2022-01-06,97.42,97.97,91.04,95.11,1633034.05,False
2022-01-07,95.1,95.54,85.0,86.74,2602084.56,False
2022-01-08,86.74,89.64,79.18,83.9,2469062.48,False
2022-01-09,83.87,91.88,82.46,89.33,1808479.57,False
2022-01-10,89.32,92.4,80.1,84.36,2836094.17,False
2022-01-11,84.42,91.0,83.21,89.59,1431317.89,False
2022-01-12,89.57,96.89,88.8,95.94,1757081.56,False
2022-01-13,95.95,97.26,89.08,89.65,1429888.43,False
2022-01-14,89.65,91.77,87.23,90.39,1200068.6,False
2022-01-15,90.4,94.44,89.47,92.98,914689.68,False
2022-01-16,92.98,94.9,91.8,92.24,967418.87,False
2022-01-17,92.25,92.5,85.34,86.67,1328305.0,False
2022-01-18,86.67,87.41,83.7,86.0,1041520.48,False
2022-01-19,86.03,86.38,81.08,82.61,1139560.79,False
2022-01-20,82.58,87.8,78.68,79.33,1225812.76,False
2022-01-21,79.32,80.38,63.93,66.06,3392205.59,False
2022-01-22,66.03,67.54,52.95,59.78,5109157.94,False
2022-01-23,59.81,66.88,59.02,64.83,2926022.98,False
2022-01-24,64.8,64.83,55.14,63.06,3701249.83,False
2022-01-25,63.0,70.53,61.65,68.01,2702688.81,False
2022-01-26,68.01,73.5,64.39,65.87,3400732.97,False
2022-01-27,65.87,67.96,61.06,64.7,2519156.06,False
2022-01-28,64.68,67.5,61.71,67.01,1790400.08,False
2022-01-29,67.02,73.58,66.86,71.89,1662626.47,False
2022-01-30,71.91,72.39,66.85,67.96,1307594.65,False
2022-01-31,67.94,70.65,64.25,69.87,1747136.27,False
2022-02-01,69.9,73.87,68.47,73.33,1951093.27,False
2022-02-02,73.32,74.86,67.43,67.79,2238866.41,False
2022-02-03,67.79,69.31,64.85,68.44,1792227.65,False
2022-02-04,68.44,77.95,67.43,77.77,2263149.96,False
2022-02-05,77.8,80.93,74.94,77.01,1700729.64,False
2022-02-06,77.01,79.15,74.1,78.93,1113858.87,False
2022-02-07,78.91,85.42,77.44,83.2,1879396.49,False
2022-02-08,83.23,95.5,81.65,86.34,5245827.4,False
2022-02-09,86.35,92.03,84.34,90.05,1774621.17,False
2022-02-10,90.05,95.0,84.93,91.16,2654551.53,False
2022-02-11,91.18,92.66,80.0,81.75,2422691.49,False
2022-02-12,81.76,84.8,78.65,81.31,2173440.39,False
2022-02-13,81.29,83.28,77.49,77.91,1168439.44,False
2022-02-14,77.93,82.6,76.14,81.86,1524047.88,False
2022-02-15,81.84,93.68,81.41,92.97,2301376.54,False
2022-02-16,92.96,97.35,91.44,95.32,2885648.71,False
2022-02-17,95.33,98.77,86.32,88.24,3177570.87,False
2022-02-18,88.24,89.99,82.35,83.67,2364097.49,False
2022-02-19,83.69,86.34,80.82,85.01,1584310.2,False
2022-02-20,85.01,85.73,76.56,77.37,1851608.12,False
2022-02-21,77.34,82.7,69.38,70.04,3597142.77,False
2022-02-22,70.03,74.94,67.2,74.42,3024268.59,False
2022-02-23,74.42,82.5,73.28,73.47,3483406.5,False
2022-02-24,73.46,79.98,64.45,76.39,7820713.29,False
2022-02-25,76.39,81.99,72.68,80.98,3877124.6,False
2022-02-26,80.98,84.95,78.02,81.81,2805070.69,False
2022-02-27,81.81,83.07,73.02,75.07,3334479.25,False
2022-02-28,75.06,85.88,71.76,84.54,3896436.49,False
2022-03-01,84.54,90.8,83.48,86.89,4517499.99,False
2022-03-02,86.89,89.94,82.29,83.36,3048063.73,False
2022-03-03,83.35,84.33,77.02,78.5,2971518.96,False
2022-03-04,78.5,82.24,74.92,75.79,3853710.64,False
2022-03-05,75.78,78.74,73.27,76.68,1992002.84,False
2022-03-06,76.69,77.1,72.09,72.51,1936414.77,False
2022-03-07,72.51,76.53,70.35,71.69,2451038.1,False
2022-03-08,71.67,76.62,71.19,73.0,3043774.1,False
2022-03-09,73.02,80.44,72.34,77.63,3319070.88,False
2022-03-10,77.6,79.0,71.5,73.93,2525259.61,False
2022-03-11,73.93,76.97,70.79,71.22,3182516.66,False
2022-03-12,71.23,73.62,70.67,70.94,1178080.64,False
2022-03-13,70.93,71.99,67.21,67.94,1213188.75,False
2022-03-14,67.92,71.5,65.55,68.97,2929390.22,False
2022-03-15,68.97,72.24,66.04,69.82,2272701.89,False
2022-03-16,69.82,74.72,68.07,74.08,2655390.64,False
2022-03-17,74.07,81.73,73.16,79.4,3601064.66,False
2022-03-18,79.4,86.95,76.48,85.71,3592188.77,False
2022-03-19,85.72,92.39,85.58,89.53,3285297.07,False
2022-03-20,89.54,89.98,84.26,84.84,2817986.41,False
2022-03-21,84.87,92.5,83.02,86.25,4199445.72,False
2022-03-22,86.24,89.89,83.7,83.98,3258174.08,False
2022-03-23,83.97,87.3,82.21,86.0,2633332.52,False
2022-03-24,85.99,88.3,83.63,87.56,2936844.44,False
2022-03-25,87.57,87.8,82.25,83.54,2533187.45,False
2022-03-26,83.54,86.74,82.46,85.86,1350476.61,False
2022-03-27,85.87,89.99,84.4,89.88,1651306.21,False
2022-03-28,89.88,96.23,88.58,89.58,3900950.93,False
2022-03-29,89.57,96.46,89.27,92.74,2945036.4,False
2022-03-30,92.73,100.48,89.5,95.58,3528529.66,False
2022-03-31,95.57,101.98,93.68,97.41,4416636.71,False
2022-04-01,97.43,99.8,90.26,96.83,3360841.07,False
2022-04-02,96.81,103.62,95.73,96.25,3326092.55,False
2022-04-03,96.25,100.09,94.41,98.05,2729825.05,False
2022-04-04,98.02,98.08,90.81,96.16,2600693.06,False
2022-04-05,96.16,97.7,90.6,91.06,2436266.33,False
2022-04-06,91.07,91.11,82.63,82.94,3526547.24,False
2022-04-07,82.94,88.66,81.34,87.55,3392547.98,False
2022-04-08,87.56,90.56,82.69,83.66,3189742.2,False
2022-04-09,83.66,85.56,81.88,84.55,1368929.8,False
2022-04-10,84.57,85.66,80.67,81.01,1119413.47,False
2022-04-11,81.0,81.54,72.73,74.35,3030700.6,False
2022-04-12,74.35,79.5,73.88,76.31,2146833.6,False
2022-04-13,76.32,80.65,75.8,80.2,1680567.89,False
2022-04-14,80.2,81.87,76.16,76.81,1741713.69,False
2022-04-15,76.8,78.53,74.75,77.43,1318038.23,False
2022-04-16,77.44,78.26,76.5,77.74,616267.4,False
2022-04-17,77.74,78.68,75.08,75.42,776597.8,False
2022-04-18,75.41,77.95,71.5,77.73,1812465.17,False
2022-04-19,77.73,81.1,76.8,80.28,1467897.35,False
2022-04-20,80.27,81.31,77.46,78.21,1497709.36,False
2022-04-21,78.22,80.21,74.13,75.02,1363115.38,False
2022-04-22,75.01,77.22,73.33,74.03,1261738.35,False
2022-04-23,74.04,74.42,72.35,72.83,865209.06,False
2022-04-24,72.84,73.49,71.0,71.51,671237.21,False
2022-04-25,71.5,72.99,67.36,72.88,2017379.58,False
2022-04-26,72.9,73.18,67.5,68.7,1568050.0,False
2022-04-27,68.7,71.98,68.32,69.86,1173322.27,False
2022-04-28,69.86,70.76,66.65,67.26,1530116.95,False
2022-04-29,67.26,67.99,62.2,63.4,1419116.89,False
2022-04-30,63.4,64.65,55.05,56.98,2393352.67,False
2022-05-01,56.98,61.14,56.27,58.77,2344079.85,False
2022-05-02,58.74,62.46,56.74,60.34,2855611.45,False
2022-05-03,60.34,62.55,58.12,59.63,1686585.01,False
2022-05-04,59.63,67.64,59.3,67.27,2409142.35,False
2022-05-05,67.28,69.52,56.51,59.04,4442154.36,False
2022-05-06,59.04,59.4,55.0,57.0,2822758.39,False
2022-05-07,57.0,57.53,53.24,55.04,1898625.35,False
2022-05-08,55.05,55.47,50.63,51.62,3163317.55,False
2022-05-09,51.62,53.06,41.15,41.2,5783146.8,False
2022-05-10,41.2,50.32,40.0,44.58,6887935.36,False
2022-05-11,44.58,46.25,26.11,31.17,12956731.613,False
2022-05-12,31.17,33.94,23.51,30.32,11602675.67,False
2022-05-13,30.31,37.99,29.55,32.21,7405352.03,False
2022-05-14,32.2,34.32,29.27,33.93,4033165.08,False
2022-05-15,33.93,37.07,31.87,36.57,3611773.82,False
2022-05-16,36.56,36.56,31.4,32.56,4737925.3,False
2022-05-17,32.56,35.77,32.2,34.39,3323237.18,False
2022-05-18,34.4,35.16,29.37,29.58,3400565.86,False
2022-05-19,29.59,31.89,27.51,30.39,4763307.53,False
2022-05-20,30.39,31.93,27.83,28.8,4866371.46,False
2022-05-21,28.8,30.61,28.19,29.89,2170197.88,False
2022-05-22,29.89,32.7,29.01,31.71,3775539.16,False
2022-05-23,31.71,33.08,28.54,29.06,4621612.58,False
2022-05-24,29.06,29.66,26.87,29.08,4251299.31,False
2022-05-25,29.07,29.68,27.11,27.25,3491521.18,False
2022-05-26,27.25,28.03,22.84,23.43,7355985.5,False
2022-05-27,23.42,23.88,21.35,22.58,7882719.859,False
2022-05-28,22.57,25.73,22.17,24.76,5080017.44,False
2022-05-29,24.76,27.0,23.72,26.16,5201437.75,False
2022-05-30,26.16,28.48,25.32,27.71,6453169.48,False
2022-05-31,27.71,29.11,25.55,26.42,6372299.65,False
2022-06-01,26.43,27.03,23.2,23.68,5323660.08,False
2022-06-02,23.68,24.9,22.5,24.63,4487201.1,False
2022-06-03,24.64,24.7,22.5,23.0,3150778.48,False
2022-06-04,23.0,24.67,22.14,24.57,2472290.13,False
2022-06-05,24.58,25.2,23.93,24.18,2624339.66,False
2022-06-06,24.18,27.79,24.05,25.99,5560470.13,False
2022-06-07,26.0,26.21,23.12,24.6,7021609.51,False
2022-06-08,24.6,25.45,23.72,24.5,3467088.16,False
2022-06-09,24.51,25.38,23.72,24.41,3066998.4,False
2022-06-10,24.42,24.87,21.91,22.08,3881414.9,False
2022-06-11,22.07,23.02,19.67,19.9,4541127.87,False
2022-06-12,19.91,20.16,17.21,17.29,8238012.468,False
2022-06-13,17.29,17.5,14.58,16.11,14886625.66,False
2022-06-14,16.11,17.3,14.67,16.55,9763946.74,False
2022-06-15,16.55,18.48,14.55,18.31,10721989.07,False
2022-06-16,18.31,18.72,15.5,15.79,6686483.0,False
2022-06-17,15.8,16.74,15.5,15.99,3480673.4,False
2022-06-18,16.0,16.3,13.78,14.83,5914211.73,False
2022-06-19,14.83,16.42,13.71,16.16,5183939.46,False
2022-06-20,16.17,17.87,15.32,17.1,5578156.93,False
2022-06-21,17.1,18.49,16.62,16.9,4574348.39,False
2022-06-22,16.91,17.41,15.97,16.09,4115611.37,False
2022-06-23,16.08,18.4,16.03,18.29,4695733.0,False
2022-06-24,18.29,20.95,17.98,20.47,5577636.08,False
2022-06-25,20.47,21.68,19.86,21.36,3710311.2,False
2022-06-26,21.37,22.05,19.6,19.73,3449424.73,False
2022-06-27,19.73,21.39,19.18,19.32,3808707.61,False
2022-06-28,19.33,20.53,17.99,18.12,4832850.59,False
2022-06-29,18.11,18.68,17.18,17.79,3932196.54,False
2022-06-30,17.79,17.81,15.79,16.99,3831530.37,False
2022-07-01,16.98,17.68,15.8,16.12,4908972.09,False
2022-07-02,16.12,16.61,15.96,16.33,1937632.45,False
2022-07-03,16.33,16.9,15.83,16.65,2285393.04,False
2022-07-04,16.65,18.06,16.31,17.92,3950488.78,False
2022-07-05,17.92,18.65,16.66,18.03,4832782.93,False
2022-07-06,18.03,19.47,17.79,19.17,4491727.98,False
2022-07-07,19.17,20.6,18.86,20.18,3901523.31,False
2022-07-08,20.18,21.12,19.42,19.72,4363644.25,False
2022-07-09,19.72,20.27,19.49,19.89,1907418.34,False
2022-07-10,19.9,19.99,18.76,19.16,1946346.67,False
2022-07-11,19.17,19.17,17.32,17.35,2340215.74,False
2022-07-12,17.34,18.07,16.71,16.75,2847335.47,False
2022-07-13,16.75,18.92,16.37,18.83,5090897.41,False
2022-07-14,18.82,19.98,17.78,19.76,4727801.64,False
2022-07-15,19.76,20.28,19.09,19.35,3455357.97,False
2022-07-16,19.36,21.5,18.67,21.25,3961722.82,False
2022-07-17,21.25,22.12,20.57,20.63,3026561.51,False
2022-07-18,20.62,24.33,20.59,23.95,6122739.72,False
2022-07-19,23.95,26.29,23.03,24.72,6902992.92,False
2022-07-20,24.71,26.38,23.35,23.59,6483006.16,False
2022-07-21,23.59,25.46,22.64,24.99,4561440.24,False
2022-07-22,24.99,25.55,23.59,23.63,3744683.03,False
2022-07-23,23.64,24.66,22.83,23.6,2404591.64,False
2022-07-24,23.59,24.47,23.23,23.79,2196886.66,False
2022-07-25,23.79,23.85,20.89,20.92,3848762.01,False
2022-07-26,20.93,20.99,19.55,20.71,2582466.15,False
2022-07-27,20.72,23.49,20.21,23.39,4294616.47,False
2022-07-28,23.38,24.69,22.42,24.2,5656707.22,False
2022-07-29,24.21,25.37,23.46,24.49,4714786.88,False
2022-07-30,24.49,25.83,23.91,24.23,3897237.98,False
2022-07-31,24.24,25.22,23.53,23.72,2308947.34,False
2022-08-01,23.72,24.33,22.96,23.57,2662595.41,False
2022-08-02,23.58,24.0,22.24,22.85,2826174.06,False
2022-08-03,22.85,24.19,22.28,23.04,2493366.49,False
2022-08-04,23.04,24.0,22.88,23.36,1991779.1,False
2022-08-05,23.36,24.98,23.11,24.95,2970807.41,False
2022-08-06,24.95,26.94,24.71,26.63,3517848.23,False
2022-08-07,26.64,28.5,25.82,27.9,3666990.33,False
2022-08-08,27.89,30.89,27.57,27.91,5280186.71,False
2022-08-09,27.9,28.81,26.96,27.42,3737879.06,False
2022-08-10,27.41,30.2,26.6,29.18,4778667.33,False
2022-08-11,29.17,30.09,28.31,28.53,3518091.35,False
2022-08-12,28.53,29.45,28.07,29.34,2021882.17,False
2022-08-13,29.33,30.35,28.87,29.16,2359927.97,False
2022-08-14,29.16,29.85,27.84,28.18,2248073.33,False
2022-08-15,28.19,29.3,27.03,27.88,2302258.65,False
2022-08-16,27.87,28.41,26.93,27.1,1936702.68,False
2022-08-17,27.11,28.23,25.26,25.55,2779421.89,False
2022-08-18,25.56,26.29,23.95,24.21,1882128.59,False
2022-08-19,24.2,24.43,21.32,22.44,4153725.4,False
2022-08-20,22.44,23.09,21.63,22.3,2536233.27,False
2022-08-21,22.3,23.55,22.15,22.97,2347004.68,False
2022-08-22,22.98,23.0,21.61,22.55,2133704.42,False
2022-08-23,22.56,23.74,21.83,23.5,2722607.74,False
2022-08-24,23.52,23.64,22.81,23.01,1854532.2,False
2022-08-25,23.02,23.65,22.67,22.99,1649374.38,False
2022-08-26,22.99,23.23,20.34,20.66,3844695.98,False
2022-08-27,20.65,20.91,19.79,20.03,2352564.36,False
2022-08-28,20.04,20.47,18.05,18.53,2506950.07,False
2022-08-29,18.53,19.47,17.48,19.32,5227679.45,False
2022-08-30,19.32,20.66,18.87,19.39,4781627.02,False
2022-08-31,19.4,20.07,18.99,19.14,2920043.96,False
2022-09-01,19.14,19.47,18.33,19.33,2037932.03,False
2022-09-02,19.32,19.66,18.68,18.86,2012974.14,False
2022-09-03,18.86,19.01,18.57,18.89,869692.47,False
2022-09-04,18.89,19.15,18.73,19.01,1137571.79,False
2022-09-05,19.02,19.49,18.44,19.44,1355494.58,False
2022-09-06,19.45,20.49,18.15,18.21,3455459.74,False
2022-09-07,18.21,19.31,17.84,19.01,1888919.24,False
2022-09-08,19.0,19.16,18.4,19.13,1853702.72,False
2022-09-09,19.13,20.81,19.1,20.38,2646242.57,False
2022-09-10,20.39,21.17,20.04,20.44,2316069.87,False
2022-09-11,20.44,20.95,19.95,20.68,1721338.28,False
2022-09-12,20.67,21.91,20.06,21.38,4690982.41,False
2022-09-13,21.38,21.8,18.76,18.87,4534638.7,False
2022-09-14,18.87,19.31,18.44,19.12,2492314.62,False
2022-09-15,19.12,19.37,18.09,18.21,2502262.69,False
2022-09-16,18.21,18.31,17.56,18.05,2145273.72,False
2022-09-17,18.05,18.59,18.04,18.48,1309153.1,False
2022-09-18,18.48,18.78,16.29,16.7,3634544.44,False
2022-09-19,16.7,17.38,16.39,17.28,2420422.85,False
2022-09-20,17.28,17.43,16.58,16.65,1816611.71,False
2022-09-21,16.65,17.94,16.19,16.55,3111286.16,False
2022-09-22,16.54,17.88,16.39,17.68,2032595.22,False
2022-09-23,17.68,18.24,17.15,17.97,1946185.89,False
2022-09-24,17.97,18.19,17.54,17.6,1139374.01,False
2022-09-25,17.6,17.88,17.13,17.32,854961.36,False
2022-09-26,17.32,17.59,16.97,17.57,1339230.13,False
2022-09-27,17.57,18.5,16.99,17.3,3034663.42,False
2022-09-28,17.3,17.45,16.73,17.26,1969129.47,False
2022-09-29,17.26,17.39,16.88,17.35,1200459.71,False
2022-09-30,17.35,17.74,17.01,17.2,1992313.11,False
2022-10-01,17.21,17.3,16.86,16.95,614626.35,False
2022-10-02,16.96,17.18,16.47,16.53,1072930.57,False
2022-10-03,16.54,17.32,16.34,17.14,1488274.32,False
2022-10-04,17.15,17.55,17.07,17.44,1156113.08,False
2022-10-05,17.45,17.49,16.94,17.39,1304224.29,False
2022-10-06,17.39,17.67,16.98,17.04,1151476.36,False
2022-10-07,17.04,17.17,16.72,16.9,1022147.52,False
2022-10-08,16.9,16.99,16.62,16.79,338134.43,False
2022-10-09,16.79,16.99,16.7,16.9,412498.93,False
2022-10-10,16.9,17.24,16.17,16.21,1180161.9,False
2022-10-11,16.21,16.32,15.59,15.95,1530642.33,False
2022-10-12,15.95,16.17,15.83,15.96,695088.15,False
2022-10-13,15.95,15.99,14.42,15.66,3240864.9,False
2022-10-14,15.65,16.4,15.54,15.67,1482124.17,False
2022-10-15,15.67,15.78,15.36,15.43,578141.35,False
2022-10-16,15.42,15.88,15.41,15.75,853653.89,False
2022-10-17,15.75,16.27,15.65,16.18,1239751.09,False
2022-10-18,16.17,16.36,15.54,15.88,1504483.22,False
2022-10-19,15.87,15.92,15.01,15.06,1799942.85,False
2022-10-20,15.06,15.48,14.87,15.14,1584061.75,False
2022-10-21,15.15,15.75,14.58,15.69,1889118.85,False
2022-10-22,15.69,15.93,15.52,15.69,690851.93,False
2022-10-23,15.69,16.42,15.59,16.31,1416439.93,False
2022-10-24,16.31,16.49,15.63,15.75,1061043.2,False
2022-10-25,15.75,17.05,15.59,16.64,2100542.67,False
2022-10-26,16.63,17.34,16.63,17.0,2023800.42,False
2022-10-27,17.0,17.51,16.82,16.88,2138708.14,False
2022-10-28,16.89,18.4,16.73,18.33,2746152.29,False
2022-10-29,18.33,18.9,18.16,18.29,2028623.81,False
2022-10-30,18.29,18.83,17.92,18.26,1629726.62,False
2022-10-31,18.25,19.83,18.18,19.28,3179542.03,False
2022-11-01,19.28,19.53,18.57,18.62,1699673.61,False
2022-11-02,18.63,18.77,17.43,17.91,2488654.37,False
2022-11-03,17.92,18.87,17.8,18.03,1411887.43,False
2022-11-04,18.03,19.69,17.88,19.38,2208518.7,False
2022-11-05,19.39,20.63,19.18,19.61,2448681.6,False
2022-11-06,19.6,19.75,18.17,18.23,1243880.65,False
2022-11-07,18.23,18.87,17.73,18.08,1903927.05,False
2022-11-08,18.08,18.16,14.82,16.02,7033866.0,False
2022-11-09,16.02,16.16,12.03,12.91,6217665.583,False
2022-11-10,12.92,15.94,12.68,15.42,4437282.29,False
2022-11-11,15.41,15.46,13.58,14.13,3576037.51,False
2022-11-12,14.13,14.15,12.89,13.09,1559675.2,False
2022-11-13,13.1,13.36,12.7,13.02,1769291.13,False
2022-11-14,13.03,13.61,12.06,13.14,2870740.18,False
2022-11-15,13.14,14.01,13.02,13.51,1631061.03,False
2022-11-16,13.52,13.75,12.81,13.07,1270112.16,False
2022-11-17,13.07,13.36,12.64,12.87,1670047.32,False
2022-11-18,12.86,13.32,12.85,13.0,1339374.3,False
2022-11-19,13.0,13.0,12.49,12.89,699870.16,False
2022-11-20,12.9,13.14,12.07,12.19,1130084.38,False
2022-11-21,12.19,12.2,11.57,11.82,1802036.274,False
2022-11-22,11.82,12.38,11.44,12.36,2051456.21,False
2022-11-23,12.36,13.07,12.35,13.06,1871100.38,False
2022-11-24,13.07,13.4,12.75,12.95,1358354.49,False
2022-11-25,12.95,13.04,12.52,12.82,915142.46,False
2022-11-26,12.82,13.25,12.62,12.78,903394.4,False
2022-11-27,12.77,13.26,12.69,12.86,893001.06,False
2022-11-28,12.86,12.99,11.99,12.45,1800437.67,False
2022-11-29,12.46,12.72,12.28,12.47,1718397.88,False
2022-11-30,12.47,13.2,12.46,13.15,1761126.78,False
2022-12-01,13.15,13.32,12.79,12.9,1309898.35,False
2022-12-02,12.9,13.66,12.79,13.58,1771717.38,False
2022-12-03,13.59,13.9,13.28,13.4,1661995.09,False
2022-12-04,13.4,13.95,13.4,13.93,1096735.8,False
2022-12-05,13.93,14.35,13.38,13.6,1432042.28,False
2022-12-06,13.6,13.69,13.45,13.67,800288.63,False
2022-12-07,13.68,13.7,13.0,13.28,1097954.06,False
2022-12-08,13.28,13.55,13.06,13.42,894124.36,False
2022-12-09,13.41,13.63,13.36,13.46,726329.12,False
2022-12-10,13.46,14.06,13.34,13.49,507889.21,False
2022-12-11,13.49,13.5,12.92,12.98,611673.63,False
2022-12-12,12.98,13.06,12.52,13.0,1072315.11,False
2022-12-13,13.01,14.4,12.55,13.76,3034773.16,False
2022-12-14,13.76,14.19,13.56,13.71,1646728.29,False
2022-12-15,13.71,13.89,13.06,13.17,1230073.86,False
2022-12-16,13.17,13.29,11.59,11.84,1740839.24,False
2022-12-17,11.84,11.99,11.52,11.95,853841.63,False
2022-12-18,11.96,12.03,11.79,11.93,640622.87,False
2022-12-19,11.93,12.1,11.15,11.39,991190.79,False
2022-12-20,11.4,12.05,11.34,11.95,1211409.88,False
2022-12-21,11.95,11.98,11.62,11.71,551520.66,False
2022-12-22,11.71,11.87,11.45,11.85,624119.17,False
2022-12-23,11.85,11.89,11.67,11.79,503382.85,False
2022-12-24,11.79,11.83,11.64,11.67,345957.08,False
2022-12-25,11.68,11.74,11.51,11.68,630940.44,False
2022-12-26,11.69,11.78,11.57,11.71,656385.55,False
2022-12-27,11.72,11.8,11.53,11.64,843496.11,False
2022-12-28,11.64,11.68,11.09,11.21,964246.13,False
2022-12-29,11.22,11.22,10.61,10.98,1028379.841,False
2022-12-30,10.98,10.99,10.54,10.87,1037690.22,False
2022-12-31,10.87,11.08,10.84,10.9,444155.56,False
2023-01-01,10.9,10.94,10.64,10.87,855821.06,False
2023-01-02,10.87,11.27,10.7,11.16,989618.96,False
2023-01-03,11.16,11.56,11.06,11.38,1149421.99,False
2023-01-04,11.38,12.3,11.34,12.08,1889080.62,False
2023-01-05,12.09,12.17,11.67,11.74,1194570.76,False
2023-01-06,11.74,11.82,11.36,11.78,1216666.03,False
2023-01-07,11.79,11.87,11.65,11.75,508959.94,False
2023-01-08,11.75,12.16,11.58,12.09,981816.74,False
2023-01-09,12.09,12.65,12.08,12.19,2600007.21,False
2023-01-10,12.19,12.95,12.02,12.73,1873010.99,False
2023-01-11,12.73,16.04,12.25,15.86,9296759.42,False
2023-01-12,15.86,16.5,14.65,15.43,8264385.87,False
2023-01-13,15.44,16.6,14.95,15.96,5273534.1,False
2023-01-14,15.97,18.54,15.79,16.94,10287102.04,False
2023-01-15,16.93,17.2,16.0,16.8,4678970.49,False
2023-01-16,16.79,17.34,16.06,16.74,3928124.39,False
2023-01-17,16.74,18.21,16.53,17.12,4359330.19,False
2023-01-18,17.13,17.41,15.5,15.82,4109688.2,False
2023-01-19,15.81,16.3,15.7,16.19,2010163.26,False
2023-01-20,16.19,17.57,15.86,17.48,3086123.26,False
2023-01-21,17.49,17.76,16.83,16.88,3798234.96,False
2023-01-22,16.87,18.45,16.79,17.34,4196670.88,False
2023-01-23,17.34,18.32,17.21,17.97,3276110.41,False
2023-01-24,17.97,18.97,16.75,17.0,3499087.1,False
2023-01-25,16.99,18.27,16.52,17.79,2663219.54,False
2023-01-26,17.8,18.8,17.78,18.08,3441891.58,False
2023-01-27,18.09,21.67,17.45,21.2,4903029.78,False
2023-01-28,21.19,21.81,20.05,20.54,4474456.15,False
2023-01-29,20.54,21.17,20.08,20.99,2599913.75,False
2023-01-30,20.99,21.31,19.25,19.74,4917486.44,False
2023-01-31,19.73,20.19,19.31,19.8,2564633.38,False
2023-02-01,19.8,21.06,18.69,20.95,4614268.07,False
2023-02-02,20.95,22.79,20.82,21.21,6298959.25,False
2023-02-03,21.21,21.96,20.68,21.36,3283902.72,False
2023-02-04,21.35,21.69,20.84,21.04,2173964.82,False
2023-02-05,21.03,21.15,19.71,20.08,2975611.73,False
2023-02-06,20.09,20.43,19.42,19.58,1856607.05,False
2023-02-07,19.58,21.0,19.51,20.83,2538688.73,False
2023-02-08,20.83,21.02,19.62,20.11,1760631.93,False
2023-02-09,20.11,20.24,17.44,17.9,3124670.9,False
2023-02-10,17.9,18.24,17.49,17.79,1666736.69,False
2023-02-11,17.78,18.11,17.66,18.01,937640.27,False
2023-02-12,18.02,18.49,17.52,17.78,2661843.26,False
2023-02-13,17.78,17.86,16.84,17.63,1833234.74,False
2023-02-14,17.63,18.29,17.11,18.14,2085039.59,False
2023-02-15,18.15,19.96,17.91,19.94,2162105.31,False
2023-02-16,19.94,20.39,18.55,18.59,3100356.46,False
2023-02-17,18.59,19.65,18.48,19.45,1832312.79,False
2023-02-18,19.46,20.11,19.29,19.54,2371957.08,False
2023-02-19,19.55,20.42,19.26,19.81,2282135.36,False
2023-02-20,19.8,21.38,19.02,20.82,3948087.09,False
2023-02-21,20.82,21.66,19.9,20.98,4109262.76,False
2023-02-22,20.98,21.56,19.58,20.32,5077444.91,False
2023-02-23,20.31,20.73,19.52,19.71,2303332.47,False
2023-02-24,19.72,19.82,18.03,18.39,2530031.98,False
2023-02-25,18.39,18.62,17.44,17.94,2202952.2,False
2023-02-26,17.95,18.57,17.82,18.43,1010025.02,False
2023-02-27,18.44,18.65,17.71,17.93,1411212.86,False
2023-02-28,17.93,17.94,16.93,17.09,1522776.6,False
2023-03-01,17.1,17.83,16.98,17.77,1103389.17,False
2023-03-02,17.76,17.86,17.11,17.47,877078.59,False
2023-03-03,17.47,17.48,15.81,16.66,2000407.8,False
2023-03-04,16.66,16.9,15.74,16.14,1088928.35,False
2023-03-05,16.14,16.52,16.06,16.14,745976.87,False
2023-03-06,16.14,16.7,15.82,16.52,1348393.86,False
2023-03-07,16.51,16.73,15.85,16.17,1448118.8,False
2023-03-08,16.17,16.26,15.0,15.12,1623242.29,False
2023-03-09,15.11,15.69,14.2,14.41,2487752.3,False
2023-03-10,14.42,15.28,13.88,14.8,3176465.15,False
2023-03-11,14.79,15.19,13.93,14.51,2626062.79,False
2023-03-12,14.51,16.29,14.2,16.18,2935250.36,False
2023-03-13,16.17,16.78,15.45,16.47,3653015.82,False
2023-03-14,16.47,17.91,16.07,17.15,4819447.82,False
2023-03-15,17.15,17.42,15.33,15.55,3381885.34,False
2023-03-16,15.55,16.09,15.24,15.83,2101663.41,False
2023-03-17,15.83,17.77,15.63,17.64,2625807.19,False
2023-03-18,17.64,18.25,16.85,16.98,2990812.4,False
2023-03-19,16.99,18.08,16.96,17.53,1927204.31,False
2023-03-20,17.53,17.78,16.52,16.64,2421215.7,False
2023-03-21,16.64,17.55,16.33,17.44,2044599.43,False
2023-03-22,17.43,17.93,16.26,16.74,3533834.3,False
2023-03-23,16.75,17.9,16.57,17.54,2132767.64,False
2023-03-24,17.54,17.65,16.66,16.95,1168422.63,False
2023-03-25,16.96,17.15,16.38,16.89,1012240.42,False
2023-03-26,16.89,17.29,16.86,17.12,842868.94,False
2023-03-27,17.12,17.15,16.0,16.49,1496965.41,False
2023-03-28,16.48,16.85,16.3,16.71,1416651.25,False
2023-03-29,16.72,17.41,16.65,17.31,1647283.13,False
2023-03-30,17.32,17.57,16.91,17.23,1878919.84,False
2023-03-31,17.23,17.84,17.08,17.7,1573547.04,False
2023-04-01,17.7,17.89,17.54,17.8,864902.81,False
2023-04-02,17.79,17.85,17.06,17.25,918449.47,False
2023-04-03,17.24,17.45,16.65,17.11,1669238.44,False
2023-04-04,17.1,17.67,16.97,17.65,1290395.25,False
2023-04-05,17.65,18.38,17.44,18.0,2189499.57,False
2023-04-06,17.99,18.35,17.63,17.97,1494645.37,False
2023-04-07,17.98,18.14,17.42,17.6,1023361.07,False
2023-04-08,17.6,17.74,17.33,17.45,565313.8,False
2023-04-09,17.45,17.65,17.25,17.54,627757.54,False
2023-04-10,17.54,17.97,17.37,17.94,1022190.46,False
2023-04-11,17.93,18.62,17.87,18.14,1487121.23,False
2023-04-12,18.13,19.21,17.68,18.26,3554063.45,False
2023-04-13,18.26,19.08,18.11,18.84,2456777.92,False
2023-04-14,18.83,19.32,18.46,19.22,2348398.47,False
2023-04-15,19.22,19.52,18.99,19.07,1527045.96,False
2023-04-16,19.07,20.55,18.84,20.17,2486851.7,False
2023-04-17,20.17,21.28,19.96,20.51,4308383.8,False
2023-04-18,20.52,21.56,20.26,21.2,2400684.58,False
2023-04-19,21.2,21.22,18.55,18.98,3606353.32,False
2023-04-20,18.98,19.43,18.13,18.3,2533024.6,False
2023-04-21,18.3,18.52,16.72,16.94,2949411.14,False
2023-04-22,16.94,17.36,16.81,17.21,1163505.95,False
2023-04-23,17.22,17.25,16.49,16.84,1071665.53,False
2023-04-24,16.85,17.26,16.54,16.92,1229193.95,False
2023-04-25,16.93,17.77,16.75,17.63,1680320.99,False
2023-04-26,17.62,18.24,16.27,17.18,2820375.37,False
2023-04-27,17.18,17.93,17.11,17.72,1574922.98,False
2023-04-28,17.72,17.81,17.21,17.55,915809.55,False
2023-04-29,17.56,17.72,17.33,17.49,596818.68,False
2023-04-30,17.49,17.85,17.07,17.1,893876.28,False
2023-05-01,17.1,17.21,16.51,16.65,1160711.97,False
2023-05-02,16.64,16.97,16.49,16.84,781092.7,False
2023-05-03,16.84,17.37,16.39,17.21,1404905.59,False
2023-05-04,17.22,17.27,16.78,16.93,913527.62,False
2023-05-05,16.93,17.73,16.73,17.38,1637028.01,False
2023-05-06,17.38,17.51,16.43,16.58,1231115.03,False
2023-05-07,16.58,16.73,16.31,16.41,783994.9,False
2023-05-08,16.41,16.5,14.8,15.42,2627129.13,False
2023-05-09,15.42,15.58,15.21,15.31,965502.37,False
2023-05-10,15.32,15.74,14.66,15.52,2652746.29,False
2023-05-11,15.52,15.53,14.76,14.95,1333686.77,False
2023-05-12,14.96,15.22,14.52,15.19,1520092.84,False
2023-05-13,15.19,15.21,14.9,14.91,588938.52,False
2023-05-14,14.91,15.14,14.79,15.03,651517.07,False
2023-05-15,15.02,15.35,14.8,15.08,1309248.51,False
2023-05-16,15.08,15.16,14.73,14.9,1044669.55,False
2023-05-17,14.91,15.3,14.61,15.17,1366340.39,False
2023-05-18,15.18,15.19,14.42,14.68,1392832.43,False
2023-05-19,14.68,14.84,14.56,14.68,850528.6,False
2023-05-20,14.68,14.71,14.53,14.63,449868.14,False
2023-05-21,14.63,14.7,14.17,14.31,799580.25,False
2023-05-22,14.31,14.79,14.08,14.68,1338597.29,False
2023-05-23,14.68,14.97,14.6,14.71,1082049.27,False
2023-05-24,14.71,14.72,14.0,14.14,1527725.49,False
2023-05-25,14.14,14.25,13.71,14.08,1411087.75,False
2023-05-26,14.08,14.39,13.96,14.33,1159336.18,False
2023-05-27,14.33,14.62,14.26,14.56,866210.61,False
2023-05-28,14.56,15.06,14.24,14.89,1663810.9,False
2023-05-29,14.9,14.98,14.35,14.48,1345784.55,False
2023-05-30,14.48,14.73,14.37,14.45,1193651.11,False
2023-05-31,14.44,14.46,13.96,14.11,1145769.56,False
2023-06-01,14.1,14.3,13.83,14.09,1037684.09,False
2023-06-02,14.09,14.57,13.96,14.49,1166756.42,False
2023-06-03,14.49,14.6,14.39,14.58,728715.16,False
2023-06-04,14.57,14.93,14.52,14.79,1070607.7,False
2023-06-05,14.79,14.9,13.48,13.87,2829208.26,False
2023-06-06,13.87,14.67,13.81,14.62,1992149.85,False
2023-06-07,14.63,14.7,13.95,14.02,1702244.4,False
2023-06-08,14.01,14.11,13.79,13.93,920454.95,False
2023-06-09,13.93,14.25,13.7,13.75,1330825.25,False
2023-06-10,13.76,13.76,10.0,11.65,7634205.663,False
2023-06-11,11.65,11.81,11.44,11.58,1692031.53,False
2023-06-12,11.58,11.61,11.16,11.52,1987087.75,False
2023-06-13,11.52,12.08,11.43,11.8,1946941.54,False
2023-06-14,11.8,11.96,11.16,11.38,2059036.04,False
2023-06-15,11.39,11.57,11.02,11.41,2323911.7,False
2023-06-16,11.4,11.73,11.22,11.55,1210256.45,False
2023-06-17,11.54,11.85,11.47,11.62,1144774.1,False
2023-06-18,11.63,11.63,11.25,11.34,1329941.71,False
2023-06-19,11.34,11.52,11.17,11.47,1123434.72,False
2023-06-20,11.48,12.13,11.17,12.12,1626750.24,False
2023-06-21,12.12,13.04,12.06,12.9,2738855.15,False
2023-06-22,12.9,13.24,12.58,12.65,2240979.03,False
2023-06-23,12.66,13.51,12.62,13.29,2283130.73,False
2023-06-24,13.28,13.4,12.73,13.01,1396657.31,False
2023-06-25,13.01,13.68,12.97,13.44,1464082.61,False
2023-06-26,13.44,13.69,12.96,13.15,2115880.03,False
2023-06-27,13.15,13.47,13.09,13.2,1323233.27,False
2023-06-28,13.2,13.21,12.08,12.34,2629569.82,False
2023-06-29,12.34,12.96,12.27,12.67,1769980.72,False
2023-06-30,12.68,13.34,12.12,13.03,3869609.02,False
2023-07-01,13.03,13.16,12.83,12.99,1571688.38,False
2023-07-02,13.0,13.22,12.71,13.13,2019538.49,False
2023-07-03,13.13,13.49,13.07,13.25,2397430.98,False
2023-07-04,13.25,13.4,13.0,13.04,2120178.89,False
2023-07-05,13.04,13.16,12.5,12.67,1996286.11,False
2023-07-06,12.67,13.12,12.24,12.37,2295716.98,False
2023-07-07,12.37,12.75,12.25,12.74,1501124.31,False
2023-07-08,12.74,13.89,12.72,13.64,4132298.8,False
2023-07-09,13.64,14.21,13.57,13.58,2882299.75,False
2023-07-10,13.58,13.85,13.16,13.39,2544390.52,False
2023-07-11,13.38,13.69,13.15,13.27,2000014.47,False
2023-07-12,13.26,13.38,12.85,13.01,1755979.45,False
2023-07-13,13.01,14.2,12.89,14.11,4270359.34,False
2023-07-14,14.11,15.97,14.02,14.64,8887780.0,False
2023-07-15,14.63,15.35,14.41,14.84,2332639.5,False
2023-07-16,14.84,14.93,14.16,14.29,1645509.68,False
2023-07-17,14.29,14.62,13.8,14.4,1862297.69,False
2023-07-18,14.4,14.59,13.61,13.8,1504811.26,False
2023-07-19,13.8,14.27,13.76,13.99,1249131.35,False
2023-07-20,13.99,14.42,13.68,13.88,1776280.27,False
2023-07-21,13.87,14.07,13.72,13.98,920020.15,False
2023-07-22,13.98,14.05,13.29,13.53,911581.17,False
2023-07-23,13.52,13.75,13.39,13.54,798875.26,False
2023-07-24,13.54,13.6,12.77,13.11,1501733.4,False
2023-07-25,13.11,13.55,13.04,13.33,1578349.7,False
2023-07-26,13.34,13.47,13.08,13.27,1381301.05,False
2023-07-27,13.27,13.43,13.02,13.15,898069.06,False
2023-07-28,13.15,13.3,13.01,13.22,669907.99,False
2023-07-29,13.23,13.3,13.15,13.23,306523.52,False
2023-07-30,13.24,13.41,12.92,13.12,898388.07,False
2023-07-31,13.12,13.42,12.69,12.82,1110757.24,False
2023-08-01,12.81,12.9,12.4,12.89,1385072.75,False
2023-08-02,12.89,12.96,12.42,12.55,1017575.22,False
2023-08-03,12.54,12.64,12.36,12.44,956470.45,False
2023-08-04,12.45,12.61,12.25,12.41,699345.21,False
2023-08-05,12.41,12.45,12.29,12.45,412492.25,False
2023-08-06,12.45,12.67,12.42,12.59,562034.72,False
2023-08-07,12.6,12.77,12.2,12.47,1011365.55,False
2023-08-08,12.46,12.81,12.38,12.68,1262794.87,False
2023-08-09,12.69,12.81,12.5,12.62,824323.31,False
2023-08-10,12.63,12.67,12.47,12.48,902127.87,False
2023-08-11,12.49,12.55,12.35,12.44,499834.93,False
2023-08-12,12.44,12.49,12.35,12.39,316232.47,False
2023-08-13,12.4,12.43,12.2,12.27,504796.73,False
2023-08-14,12.27,12.46,12.15,12.37,698660.88,False
2023-08-15,12.37,12.38,11.29,11.83,1220493.22,False
2023-08-16,11.83,11.87,11.07,11.38,1453581.04,False
2023-08-17,11.39,11.51,9.99,10.57,2153968.62,False
2023-08-18,10.58,11.0,10.53,10.81,1456015.19,False
2023-08-19,10.8,10.89,10.56,10.81,867573.99,False
2023-08-20,10.81,10.93,10.74,10.86,444700.39,False
2023-08-21,10.87,10.87,10.15,10.36,1327961.76,False
2023-08-22,10.36,10.38,9.71,10.15,1950280.84,False
2023-08-23,10.15,10.47,10.06,10.33,1041985.33,False
2023-08-24,10.34,10.36,9.98,10.12,907479.29,False
2023-08-25,10.12,10.13,9.89,10.04,1276333.67,False
2023-08-26,10.05,10.13,10.01,10.09,400362.23,False
2023-08-27,10.1,10.28,10.07,10.2,542549.14,False
2023-08-28,10.21,10.45,9.91,10.37,1100627.11,False
2023-08-29,10.37,11.21,10.33,10.81,2530985.01,False
2023-08-30,10.81,10.83,10.33,10.41,1031201.84,False
2023-08-31,10.4,10.55,9.82,9.98,1826854.02,False
2023-09-01,9.98,10.07,9.75,9.92,947344.83,False
2023-09-02,9.92,9.97,9.76,9.92,504146.54,False
2023-09-03,9.92,9.99,9.83,9.88,412221.11,False
2023-09-04,9.88,10.05,9.68,9.81,769303.74,False
2023-09-05,9.81,9.97,9.65,9.91,726190.8,False
2023-09-06,9.91,10.05,9.76,9.95,806313.46,False
2023-09-07,9.94,10.14,9.83,10.1,675529.11,False
2023-09-08,10.09,10.15,9.84,9.93,689024.96,False
2023-09-09,9.92,9.93,9.83,9.84,320699.91,False
2023-09-10,9.83,9.84,9.22,9.47,1644037.72,False
2023-09-11,9.46,9.51,9.05,9.23,1436614.67,False
2023-09-12,9.24,9.6,9.19,9.22,1493579.6,False
2023-09-13,9.22,9.46,9.1,9.29,1166588.89,False
2023-09-14,9.29,9.48,9.25,9.4,846740.43,False
2023-09-15,9.4,9.52,9.18,9.43,1025374.07,False
2023-09-16,9.42,9.61,9.36,9.38,874568.63,False
2023-09-17,9.38,9.38,9.0,9.1,1030936.69,False
2023-09-18,9.09,9.31,8.81,9.11,1649478.75,False
2023-09-19,9.11,9.31,9.04,9.21,1104724.32,False
2023-09-20,9.21,9.24,8.86,9.05,1653192.29,False
2023-09-21,9.05,9.11,8.77,8.83,1429451.17,False
2023-09-22,8.82,8.92,8.72,8.87,897556.95,False
2023-09-23,8.86,8.99,8.83,8.9,639062.46,False
2023-09-24,8.9,9.05,8.73,8.78,1047017.16,False
2023-09-25,8.78,8.96,8.61,8.95,974057.28,False
2023-09-26,8.95,9.07,8.85,9.04,934956.91,False
2023-09-27,9.05,9.19,8.81,8.92,1223697.83,False
2023-09-28,8.93,9.36,8.91,9.27,1399102.7,False
2023-09-29,9.28,9.37,9.07,9.17,1405080.87,False
2023-09-30,9.17,9.3,9.11,9.24,805999.91,False
2023-10-01,9.23,9.83,9.21,9.75,1684642.75,False
2023-10-02,9.75,9.84,9.15,9.31,1934866.84,False
2023-10-03,9.32,9.48,9.23,9.42,1282164.09,False
2023-10-04,9.42,10.3,9.11,10.1,3916501.71,False
2023-10-05,10.1,10.35,9.81,10.14,3629799.18,False
2023-10-06,10.14,10.83,10.12,10.66,3037211.24,False
2023-10-07,10.66,11.88,10.24,10.35,5342085.38,False
2023-10-08,10.34,10.54,9.95,10.09,1875461.06,False
2023-10-09,10.08,10.09,9.28,9.54,2374413.48,False
2023-10-10,9.54,9.86,9.42,9.53,1854748.33,False
2023-10-11,9.52,9.57,9.2,9.3,1815554.11,False
2023-10-12,9.31,9.32,8.88,9.12,2057336.14,False
2023-10-13,9.11,9.35,9.0,9.15,1415530.31,False
2023-10-14,9.15,9.25,9.11,9.15,469812.77,False
2023-10-15,9.15,9.27,9.07,9.17,998932.66,False
2023-10-16,9.18,9.83,9.17,9.4,2396526.73,False
2023-10-17,9.4,9.42,9.01,9.1,2216404.32,False
2023-10-18,9.11,9.21,8.84,8.91,1617532.29,False
2023-10-19,8.9,9.12,8.65,9.06,1655127.66,False
2023-10-20,9.06,9.39,9.02,9.22,1958799.09,False
2023-10-21,9.22,9.81,9.17,9.63,2742101.15,False
2023-10-22,9.64,10.09,9.53,10.09,3289863.42,False
2023-10-23,10.09,10.68,9.86,10.58,5134792.1,False
2023-10-24,10.59,10.8,10.06,10.32,4867065.26,False
2023-10-25,10.33,10.64,10.17,10.52,2884290.26,False
2023-10-26,10.52,11.47,10.37,11.05,6154843.18,False
2023-10-27,11.05,11.07,10.38,10.59,2529788.17,False
2023-10-28,10.6,11.09,10.55,10.97,2619953.67,False
2023-10-29,10.97,11.44,10.77,11.37,2022533.88,False
2023-10-30,11.38,11.69,11.06,11.46,2156521.47,False
2023-10-31,11.46,11.76,11.0,11.33,3346450.77,False
2023-11-01,11.32,12.33,10.88,12.23,4822225.84,False
2023-11-02,12.23,12.55,11.43,11.88,4220621.92,False
2023-11-03,11.88,12.19,11.43,12.11,2411690.33,False
2023-11-04,12.12,12.33,11.92,12.22,1471832.59,False
2023-11-05,12.21,12.67,12.1,12.35,2559244.68,False
2023-11-06,12.34,13.17,12.24,13.08,2999305.97,False
2023-11-07,13.07,13.1,12.29,12.81,2677547.02,False
2023-11-08,12.8,13.15,12.66,12.99,2037125.6,False
2023-11-09,12.98,13.96,11.9,12.96,6349228.52,False
2023-11-10,12.97,14.85,12.88,14.74,7715255.48,False
2023-11-11,14.75,17.0,13.99,16.79,10333477.54,False
2023-11-12,16.8,19.73,15.87,18.98,12880795.74,False
2023-11-13,18.98,19.75,16.1,16.12,9459851.54,False
2023-11-14,16.12,18.1,15.56,17.05,10623733.95,False
2023-11-15,17.05,20.95,17.01,20.7,14801379.2,False
2023-11-16,20.69,24.07,20.23,21.71,17186161.77,False
2023-11-17,21.71,24.69,20.0,21.94,15838526.82,False
2023-11-18,21.94,22.69,20.17,21.99,6017391.55,False
2023-11-19,22.0,23.04,20.75,22.85,5314132.45,False
2023-11-20,22.84,23.25,20.71,20.85,5827146.19,False
2023-11-21,20.86,22.29,18.9,19.02,11207307.49,False
2023-11-22,19.02,21.25,18.96,20.78,6214364.77,False
2023-11-23,20.79,21.49,20.42,20.64,3128091.29,False
2023-11-24,20.64,21.88,20.45,20.89,3692026.02,False
2023-11-25,20.89,21.48,20.63,21.36,2069224.51,False
2023-11-26,21.36,21.52,20.1,21.06,2825385.24,False
2023-11-27,21.07,21.3,19.82,20.35,2994013.72,False
2023-11-28,20.36,20.86,19.47,20.68,3188388.54,False
2023-11-29,20.69,21.56,20.55,21.12,3710793.82,False
2023-11-30,21.12,21.5,20.81,21.39,2759264.75,False
2023-12-01,21.4,22.64,21.1,21.87,4149300.78,False
2023-12-02,21.86,22.45,21.75,22.24,2115296.06,False
2023-12-03,22.24,22.74,21.59,21.94,2457069.2,False
2023-12-04,21.94,23.2,20.56,22.68,5307454.35,False
2023-12-05,22.67,24.83,21.81,24.54,6173878.71,False
2023-12-06,24.54,27.68,24.45,26.2,10747936.78,False
2023-12-07,26.2,27.9,25.71,26.28,7035602.62,False
2023-12-08,26.28,30.8,26.03,30.44,8000503.43,False
2023-12-09,30.44,34.26,30.44,31.91,10263975.2,False
2023-12-10,31.91,37.99,31.52,37.14,9029970.15,False
2023-12-11,37.14,39.39,31.6,38.04,17625128.99,False
2023-12-12,38.04,42.89,36.0,37.49,12429466.44,False
2023-12-13,37.49,41.47,34.02,38.99,11810098.4,False
2023-12-14,38.98,40.34,36.51,39.3,7164273.35,False
2023-12-15,39.29,42.27,38.52,39.71,8958206.04,False
2023-12-16,39.72,45.33,38.5,42.22,8705680.65,False
2023-12-17,42.23,44.06,40.28,40.62,4937788.07,False
2023-12-18,40.62,41.44,36.5,41.16,6850358.5,False
2023-12-19,41.15,42.17,38.73,39.74,4755734.07,False
2023-12-20,39.73,44.49,39.08,43.46,6459700.84,False
2023-12-21,43.46,47.38,43.06,45.97,7253794.87,False
2023-12-22,45.96,48.88,43.66,45.35,6546935.03,False
2023-12-23,45.35,48.27,43.34,48.05,4660235.64,False
2023-12-24,48.04,49.96,46.32,47.68,6410094.86,False
2023-12-25,47.68,48.9,45.94,48.18,4146186.27,False
2023-12-26,48.18,48.35,40.53,44.41,4773394.73,False
2023-12-27,44.41,44.95,41.87,42.39,4199478.73,False
2023-12-28,42.4,43.39,39.23,39.8,5049991.19,False
2023-12-29,39.8,42.15,38.5,40.18,5054515.59,False
2023-12-30,40.18,40.36,38.15,39.33,2217519.52,False
2023-12-31,39.33,40.55,37.51,38.55,2208181.77,False
2024-01-01,38.57,42.0,38.0,41.94,2734126.31,False
2024-01-02,41.95,43.44,40.31,40.61,3642001.26,False
2024-01-03,40.61,41.43,33.06,36.8,6289630.67,False
2024-01-04,36.79,39.45,36.07,38.72,3541865.71,False
2024-01-05,38.72,38.91,35.0,36.46,3385914.09,False
2024-01-06,36.46,36.51,33.42,34.61,2367153.87,False
2024-01-07,34.62,35.78,33.08,33.64,2727132.92,False
2024-01-08,33.65,36.46,31.12,36.08,5416852.99,False
2024-01-09,36.08,37.6,33.78,34.65,4305952.25,False
2024-01-10,34.64,39.55,33.32,38.53,4360929.64,False
2024-01-11,38.54,41.85,37.54,39.29,5071643.06,False
2024-01-12,39.29,39.59,34.34,35.93,3189656.48,False
2024-01-13,35.93,36.63,34.7,36.49,1741500.31,False
2024-01-14,36.48,37.86,35.28,35.29,2179493.62,False
2024-01-15,35.28,36.81,35.16,35.61,1568139.13,False
2024-01-16,35.6,36.54,34.74,35.57,1813027.08,False
2024-01-17,35.58,36.51,35.25,36.06,2106057.31,False
2024-01-18,36.07,36.19,32.72,33.59,2528256.1,False
2024-01-19,33.59,33.75,31.18,32.73,2406347.38,False
2024-01-20,32.74,32.99,32.03,32.89,1224130.01,False
2024-01-21,32.87,33.5,32.45,32.54,1038127.76,False
2024-01-22,32.54,32.74,29.32,29.53,3467720.04,False
2024-01-23,29.53,30.88,27.24,30.63,4731522.21,False
2024-01-24,30.64,31.91,29.49,31.2,3391798.91,False
2024-01-25,31.19,31.36,29.61,30.51,2064388.45,False
2024-01-26,30.51,33.11,30.12,32.26,2655940.67,False
2024-01-27,32.26,33.32,31.85,33.28,1194938.73,False
2024-01-28,33.29,36.72,33.19,34.82,4440497.0,False
2024-01-29,34.83,36.55,34.34,36.06,3030189.03,False
2024-01-30,36.07,37.15,35.0,35.22,2959029.15,False
2024-01-31,35.23,35.5,33.13,33.17,2629653.91,False
2024-02-01,33.18,33.97,32.3,33.85,2100203.11,False
2024-02-02,33.87,36.94,33.76,36.76,3620321.22,False
2024-02-03,36.76,37.6,35.4,35.95,1968125.41,False
2024-02-04,35.96,36.53,34.68,34.87,1546090.99,False
2024-02-05,34.86,35.92,34.11,34.55,2069405.65,False
2024-02-06,34.55,34.75,33.72,34.16,1814138.17,False
2024-02-07,34.16,35.5,33.65,35.28,2098188.17,False
2024-02-08,35.28,36.15,35.08,35.42,2450459.44,False
2024-02-09,35.43,38.61,35.41,38.0,4106859.37,False
2024-02-10,38.0,41.24,38.0,40.2,3494637.43,False
2024-02-11,40.2,41.2,39.33,39.72,2087708.31,False
2024-02-12,39.73,41.18,38.38,40.97,4287581.66,False
2024-02-13,40.96,41.7,38.88,39.74,3441748.25,False
2024-02-14,39.73,42.42,39.1,42.22,3949578.16,False
2024-02-15,42.23,43.6,40.84,41.55,3666472.28,False
2024-02-16,41.54,41.81,39.41,40.26,2493109.32,False
2024-02-17,40.25,40.47,38.38,39.76,1859591.84,False
2024-02-18,39.75,40.75,38.97,40.29,1612326.72,False
2024-02-19,40.29,40.64,39.11,39.51,2680806.5,False
2024-02-20,39.51,39.72,36.84,38.49,3285660.95,False
2024-02-21,38.5,38.55,35.9,37.61,2338956.78,False
2024-02-22,37.6,38.22,36.52,36.78,1867725.13,False
2024-02-23,36.77,36.96,35.14,35.92,2257491.88,False
2024-02-24,35.91,36.95,35.2,36.76,1363828.68,False
2024-02-25,36.76,37.49,36.42,37.46,1434112.18,False
2024-02-26,37.46,39.35,36.28,39.29,2919488.8,False
2024-02-27,39.29,39.94,38.31,39.26,2163692.33,False
2024-02-28,39.25,41.3,36.2,40.33,5048286.26,False
2024-02-29,40.33,44.65,39.59,40.97,5668569.24,False
2024-03-01,40.98,43.37,40.98,42.67,3451947.63,False
2024-03-02,42.68,44.58,41.95,44.35,3750371.17,False
2024-03-03,44.35,44.89,40.35,42.58,3292222.38,False
2024-03-04,42.59,43.99,41.42,43.08,4856334.08,False
2024-03-05,43.09,45.18,34.83,39.43,9520539.61,False
2024-03-06,39.42,42.14,37.9,41.56,4232399.84,False
2024-03-07,41.56,44.5,41.55,43.2,4954173.81,False
2024-03-08,43.2,43.96,41.09,42.61,3926241.42,False
2024-03-09,42.62,43.54,42.33,42.92,2418252.27,False
2024-03-10,42.92,43.93,40.89,42.05,2834035.29,False
2024-03-11,42.04,49.56,40.01,49.09,8911493.52,False
2024-03-12,49.09,57.36,46.34,55.48,12915245.0,False
2024-03-13,55.48,55.52,52.2,54.79,5785825.53,False
2024-03-14,54.79,59.28,50.46,53.95,7732957.59,False
2024-03-15,53.95,59.0,48.3,58.36,11735553.58,False
2024-03-16,58.36,61.46,52.0,53.44,9615415.71,False
2024-03-17,53.44,58.5,50.05,58.45,6421648.71,False
2024-03-18,58.44,65.39,55.26,60.65,11907328.03,False
2024-03-19,60.64,61.95,53.16,53.63,12376814.57,False
2024-03-20,53.62,58.15,50.42,57.06,9552672.65,False
2024-03-21,57.05,57.87,52.76,53.82,4920044.95,False
2024-03-22,53.83,57.8,51.63,53.44,5691573.77,False
2024-03-23,53.44,55.98,52.6,53.45,2791760.71,False
2024-03-24,53.45,55.82,52.43,55.68,2317592.73,False
2024-03-25,55.69,59.19,54.94,57.76,3814842.59,False
2024-03-26,57.75,60.0,55.33,55.78,3466292.41,False
2024-03-27,55.79,56.72,52.5,54.1,3233550.45,False
2024-03-28,54.1,55.05,53.18,54.63,1684510.45,False
2024-03-29,54.62,54.65,52.52,53.33,1637003.96,False
2024-03-30,53.32,54.63,52.76,52.93,1334954.82,False
2024-03-31,52.92,54.28,52.87,54.06,1203818.27,False
2024-04-01,54.06,54.14,50.26,51.38,3011378.87,False
2024-04-02,51.38,51.38,46.29,46.86,3239791.28,False
2024-04-03,46.87,48.32,44.97,45.89,2363000.86,False
2024-04-04,45.89,48.16,45.42,46.5,1760856.23,False
2024-04-05,46.5,46.59,43.77,45.3,1789208.04,False
2024-04-06,45.3,48.98,45.05,48.19,2043537.32,False
2024-04-07,48.19,49.51,47.89,49.32,1194623.63,False
2024-04-08,49.33,50.81,48.25,49.86,1875605.09,False
2024-04-09,49.87,49.96,46.35,46.47,1749477.03,False
2024-04-10,46.47,48.01,45.07,47.3,2250167.7,False
2024-04-11,47.3,47.5,45.59,46.01,1481848.1,False
2024-04-12,46.02,46.88,36.0,39.34,4679039.33,False
2024-04-13,39.34,39.35,29.24,33.89,8362401.51,False
2024-04-14,33.9,37.91,32.64,37.27,5518136.95,False
2024-04-15,37.27,38.61,34.09,35.16,4953905.89,False
2024-04-16,35.16,35.91,32.7,34.76,3313166.78,False
2024-04-17,34.75,35.36,32.23,33.58,3016090.08,False
2024-04-18,33.58,35.61,32.8,34.85,2688659.01,False
2024-04-19,34.84,36.14,31.92,34.67,3273162.24,False
2024-04-20,34.66,38.49,34.12,38.31,1920545.62,False
2024-04-21,38.31,38.77,36.35,37.15,1574355.22,False
2024-04-22,37.14,39.72,36.75,39.19,1818594.75,False
2024-04-23,39.18,39.92,37.98,38.3,1435816.55,False
2024-04-24,38.3,39.84,36.02,36.37,2306966.5,False
2024-04-25,36.37,36.75,34.7,35.59,2133979.93,False
2024-04-26,35.59,35.88,34.27,34.42,1641347.49,False
2024-04-27,34.43,35.13,33.08,34.47,1810409.95,False
2024-04-28,34.47,35.39,33.8,33.95,1251390.9,False
2024-04-29,33.95,35.88,32.84,35.28,2258794.34,False
2024-04-30,35.29,35.73,31.92,32.71,2815332.3,False
2024-05-01,32.71,34.0,30.26,33.33,3380517.89,False
2024-05-02,33.33,34.13,32.3,33.58,1703436.21,False
2024-05-03,33.57,36.13,33.3,35.54,1553343.97,False
2024-05-04,35.55,37.68,35.18,37.36,1920904.84,False
2024-05-05,37.36,38.01,36.6,37.35,1760586.91,False
2024-05-06,37.35,39.87,36.78,37.11,2933511.56,False
2024-05-07,37.12,37.6,35.27,35.31,1852417.36,False
2024-05-08,35.31,35.5,33.62,34.02,2157691.01,False
2024-05-09,34.02,35.38,33.73,35.07,1576030.39,False
2024-05-10,35.07,36.12,33.23,33.71,2261922.59,False
2024-05-11,33.71,34.04,33.06,33.49,1182903.0,False
2024-05-12,33.49,34.0,32.78,33.14,688258.16,False
2024-05-13,33.14,33.82,31.93,32.46,2038043.28,False
2024-05-14,32.46,33.34,31.48,31.58,1769809.13,False
2024-05-15,31.58,34.79,31.35,34.66,2196525.74,False
2024-05-16,34.66,35.01,33.75,34.46,1449092.77,False
2024-05-17,34.45,37.59,34.26,36.43,2207393.25,False
2024-05-18,36.43,37.66,36.34,37.24,1211992.75,False
2024-05-19,37.23,37.76,35.37,35.6,1108974.49,False
2024-05-20,35.6,40.35,35.15,40.13,2853777.98,False
2024-05-21,40.13,41.42,39.66,41.2,3039403.61,False
2024-05-22,41.19,41.8,39.19,40.0,2116832.47,False
2024-05-23,40.01,40.47,36.37,38.52,3125908.9,False
2024-05-24,38.52,39.0,36.91,38.01,1363527.65,False
2024-05-25,38.01,38.72,37.71,38.28,735441.75,False
2024-05-26,38.28,38.31,36.46,36.76,892477.39,False
2024-05-27,36.76,38.95,36.65,38.26,1355234.36,False
2024-05-28,38.27,38.4,36.53,37.02,1944227.48,False
2024-05-29,37.02,37.5,36.14,36.2,1410140.99,False
2024-05-30,36.2,37.09,35.3,35.98,1589093.3,False
2024-05-31,35.98,36.79,35.2,36.02,1109882.27,False
2024-06-01,36.04,36.22,35.7,35.76,480351.19,False
2024-06-02,35.76,36.18,34.77,34.91,948549.12,False
2024-06-03,34.91,36.27,34.56,35.03,1502543.1,False
2024-06-04,35.03,36.29,34.41,36.06,1295062.99,False
2024-06-05,36.07,36.91,35.93,36.57,1320551.18,False
2024-06-06,36.58,37.2,35.72,35.89,1130097.72,False
2024-06-07,35.89,36.89,30.9,33.51,2946397.48,False
2024-06-08,33.51,33.73,31.92,32.27,1168309.91,False
2024-06-09,32.27,33.02,32.04,32.98,601496.64,False
2024-06-10,32.99,33.47,32.02,32.28,1131273.21,False
2024-06-11,32.28,32.38,30.59,31.55,1847318.93,False
2024-06-12,31.56,33.99,30.79,33.27,1877715.47,False
2024-06-13,33.27,33.44,30.92,30.99,1377426.4,False
2024-06-14,31.0,32.21,29.29,30.29,2200667.62,False
2024-06-15,30.29,30.65,29.91,30.01,647613.47,False
2024-06-16,30.01,30.48,29.66,30.08,951476.4,False
2024-06-17,30.07,30.35,27.29,28.47,1975971.78,False
2024-06-18,28.47,28.54,24.94,26.6,2809030.18,False
2024-06-19,26.6,27.67,26.38,26.94,1296859.97,False
2024-06-20,26.95,28.89,26.67,27.58,1873349.75,False
2024-06-21,27.58,28.03,26.93,27.48,1411878.18,False
2024-06-22,27.48,27.5,24.52,25.61,3754180.61,False
2024-06-23,25.62,26.15,24.12,25.09,2992605.46,False
2024-06-24,25.08,25.25,23.51,24.8,3210819.75,False
2024-06-25,24.79,25.79,24.58,25.4,1484143.35,False
2024-06-26,25.4,26.66,25.28,25.82,2304629.01,False
2024-06-27,25.82,28.38,25.36,27.91,2306236.79,False
2024-06-28,27.91,29.09,27.66,27.96,2075840.6,False
2024-06-29,27.96,28.68,27.57,27.76,1083357.0,False
2024-06-30,27.77,29.57,27.4,29.36,1537329.37,False
2024-07-01,29.36,30.12,28.81,28.83,1691942.47,False
2024-07-02,28.83,28.91,28.09,28.71,1535912.34,False
2024-07-03,28.72,28.97,26.43,26.51,2084008.75,False
2024-07-04,26.51,26.7,24.28,24.44,2122362.53,False
2024-07-05,24.43,25.44,21.8,25.13,4416833.2,False
2024-07-06,25.13,27.61,24.84,27.41,1273710.29,False
2024-07-07,27.41,27.49,25.46,25.75,1523225.99,False
2024-07-08,25.75,27.21,24.53,25.21,3013924.84,False
2024-07-09,25.21,26.5,24.71,26.43,2301249.16,False
2024-07-10,26.43,27.42,25.63,25.75,1444884.87,False
2024-07-11,25.75,26.38,25.01,25.21,2064310.7,False
2024-07-12,25.19,26.1,24.82,25.96,1236543.8,False
2024-07-13,25.97,26.34,25.53,25.86,1755388.94,False
2024-07-14,25.85,26.67,25.6,26.35,1493849.24,False
2024-07-15,26.35,27.89,26.27,27.82,2252819.9,False
2024-07-16,27.83,29.25,26.47,28.01,2956440.06,False
2024-07-17,28.01,29.03,27.21,27.24,2275728.47,False
2024-07-18,27.24,27.94,26.59,27.14,1688798.14,False
2024-07-19,27.13,28.41,26.65,28.16,2176432.94,False
2024-07-20,28.17,29.18,27.78,29.11,1467397.44,False
2024-07-21,29.1,33.0,28.54,32.64,4881628.18,False
2024-07-22,32.64,32.95,31.32,31.87,2823413.4,False
2024-07-23,31.87,32.63,29.43,29.82,2989620.04,False
2024-07-24,29.82,30.55,28.26,28.38,2813233.19,False
2024-07-25,28.37,28.59,26.26,27.24,2457846.44,False
2024-07-26,27.23,28.93,27.17,28.72,2103180.06,False
2024-07-27,28.73,29.52,27.59,28.04,1595083.64,False
2024-07-28,28.04,28.17,27.1,27.4,955992.62,False
2024-07-29,27.39,28.86,26.96,27.01,2335986.83,False
2024-07-30,27.01,27.32,26.03,26.33,1375203.85,False
2024-07-31,26.32,26.87,25.44,25.7,1930480.93,False
2024-08-01,25.7,25.92,24.01,25.71,1979230.94,False
2024-08-02,25.71,25.91,23.35,23.6,2234805.73,False
2024-08-03,23.6,24.15,22.2,22.67,1850832.83,False
2024-08-04,22.68,22.96,20.58,21.25,2081859.37,False
2024-08-05,21.26,21.38,17.29,19.54,9670531.58,False
2024-08-06,19.54,21.46,19.51,20.89,2687249.82,False
2024-08-07,20.88,21.7,19.71,19.85,2185632.53,False
2024-08-08,19.86,22.8,19.52,22.73,2398279.56,False
2024-08-09,22.73,22.8,21.29,21.74,1708499.52,False
2024-08-10,21.75,22.05,21.4,21.59,829812.48,False
2024-08-11,21.59,22.37,20.39,20.4,1316532.04,False
2024-08-12,20.4,21.71,20.3,21.26,1828261.75,False
2024-08-13,21.27,21.62,20.6,21.37,1369820.3,False
2024-08-14,21.38,21.87,20.77,20.95,1239087.66,False
2024-08-15,20.95,21.15,19.83,20.14,1891885.5,False
2024-08-16,20.14,20.72,19.78,20.36,1292955.85,False
2024-08-17,20.36,20.71,20.23,20.7,594996.7,False
2024-08-18,20.7,21.51,20.55,20.82,1080288.16,False
2024-08-19,20.83,21.25,20.38,21.21,1079897.76,False
2024-08-20,21.22,22.79,21.16,22.26,2257515.64,False
2024-08-21,22.26,23.8,22.25,23.53,2113314.06,False
2024-08-22,23.53,25.35,23.05,25.22,2451735.12,False
2024-08-23,25.22,27.01,25.22,26.49,3388980.56,False
2024-08-24,26.5,28.0,26.19,27.11,2329717.63,False
2024-08-25,27.12,27.68,26.13,26.92,2020535.79,False
2024-08-26,26.93,27.2,25.89,25.94,1936106.29,False
2024-08-27,25.94,26.81,23.66,24.09,2200225.1,False
2024-08-28,24.08,24.84,23.19,23.45,2427017.83,False
2024-08-29,23.44,24.68,22.78,22.89,1881922.74,False
2024-08-30,22.9,23.64,22.18,23.29,1640828.47,False
2024-08-31,23.29,23.4,22.47,22.81,731034.89,False
2024-09-01,22.8,22.84,21.09,21.42,1701717.55,False
2024-09-02,21.42,22.57,21.37,22.37,1213729.2,False
2024-09-03,22.37,22.73,21.33,21.38,1165499.01,False
2024-09-04,21.38,22.32,20.48,21.9,1783124.44,False
2024-09-05,21.91,22.19,21.23,21.38,1130561.49,False
2024-09-06,21.38,22.19,20.48,21.17,2491055.66,False
2024-09-07,21.16,22.0,21.05,21.8,951544.49,False
2024-09-08,21.8,23.52,21.71,23.25,1913376.33,False
2024-09-09,23.25,24.44,23.14,23.84,2082195.37,False
2024-09-10,23.85,24.59,23.57,24.36,1441227.33,False
2024-09-11,24.36,24.52,22.87,23.28,1685272.65,False
2024-09-12,23.28,24.1,23.27,24.02,1532687.18,False
2024-09-13,24.02,25.1,23.66,24.91,1883781.59,False
2024-09-14,24.91,25.66,24.61,25.32,1199130.86,False
2024-09-15,25.33,25.38,23.64,23.8,1451892.29,False
2024-09-16,23.8,24.24,23.22,23.52,1751162.34,False
2024-09-17,23.52,24.49,23.16,23.77,1583225.8,False
2024-09-18,23.78,24.73,22.79,24.68,2073720.9,False
2024-09-19,24.7,26.79,24.69,26.66,2927349.19,False
2024-09-20,26.67,28.8,26.48,27.67,3375743.3,False
2024-09-21,27.67,28.13,26.99,27.79,1074371.17,False
2024-09-22,27.79,27.8,26.45,27.29,1232505.34,False
2024-09-23,27.3,28.18,26.56,27.39,2044240.42,False
2024-09-24,27.39,28.55,26.84,28.46,1891613.31,False
2024-09-25,28.46,28.5,27.15,27.28,2136050.42,False
2024-09-26,27.29,29.42,26.96,29.16,2834148.82,False
2024-09-27,29.15,30.85,28.93,30.43,2216838.14,False
2024-09-28,30.44,30.76,29.03,29.28,1265112.67,False
2024-09-29,29.29,29.47,28.24,29.04,1309575.5,False
2024-09-30,29.04,29.12,27.56,27.71,2118117.74,False
2024-10-01,27.71,28.89,25.0,25.82,3528601.75,False
2024-10-02,25.82,26.78,25.03,25.33,2104510.83,False
2024-10-03,25.33,25.67,23.9,24.66,2257868.51,False
2024-10-04,24.66,26.5,24.44,26.27,1804442.66,False
2024-10-05,26.27,26.45,25.1,25.67,1054363.46,False
2024-10-06,25.67,27.08,25.49,26.94,1233938.51,False
2024-10-07,26.93,27.74,26.51,26.56,1779576.78,False
2024-10-08,26.57,27.19,26.03,26.34,1316635.28,False
2024-10-09,26.34,26.7,25.68,25.76,1612088.05,False
2024-10-10,25.76,26.37,25.06,25.86,1305991.34,False
2024-10-11,25.85,27.6,25.75,27.45,1356314.72,False
2024-10-12,27.46,29.37,27.39,28.64,2063826.88,False
2024-10-13,28.63,29.36,28.3,29.06,1605213.5,False
2024-10-14,29.05,29.87,28.65,29.07,2007570.41,False
2024-10-15,29.07,29.62,27.45,28.21,2806768.34,False
2024-10-16,28.21,28.22,27.25,28.02,1952738.95,False
2024-10-17,28.03,28.27,26.82,27.31,1321790.89,False
2024-10-18,27.31,28.17,27.1,28.1,894689.48,False
2024-10-19,28.1,28.46,27.71,28.1,588731.97,False
2024-10-20,28.1,29.0,27.76,28.96,883990.57,False
2024-10-21,28.97,29.32,27.38,27.75,1515208.07,False
2024-10-22,27.75,28.23,27.24,27.64,1311372.78,False
2024-10-23,27.65,27.71,25.89,26.75,1697988.9,False
2024-10-24,26.75,27.24,26.38,26.83,1323965.2,False
2024-10-25,26.84,26.89,24.01,24.93,2098635.37,False
2024-10-26,24.94,25.68,24.56,25.41,1042871.56,False
2024-10-27,25.41,25.94,25.25,25.77,596461.7,False
2024-10-28,25.77,26.54,25.05,26.25,1509538.85,False
2024-10-29,26.26,27.16,26.17,26.88,1492949.8,False
2024-10-30,26.88,26.91,26.01,26.18,1634180.54,False
2024-10-31,26.17,26.23,24.68,25.03,1389613.61,False
2024-11-01,25.03,25.71,24.4,24.78,1566405.89,False
2024-11-02,24.79,25.02,23.96,24.12,747467.07,False
2024-11-03,24.13,24.2,22.6,23.54,1839984.69,False
2024-11-04,23.53,23.94,22.35,22.72,1698424.83,False
2024-11-05,22.72,24.51,22.59,23.99,1705771.01,False
2024-11-06,24.0,27.3,24.0,27.01,3669930.55,False
2024-11-07,27.01,28.0,26.51,27.38,2304556.93,False
2024-11-08,27.39,28.79,27.1,28.78,2423694.41,False
2024-11-09,28.78,30.48,28.49,30.36,2817405.7,False
2024-11-10,30.37,33.29,29.69,31.89,6132136.02,False
2024-11-11,31.89,35.79,30.7,35.71,7008431.33,False
2024-11-12,35.72,37.67,32.66,33.96,9074667.64,False
2024-11-13,33.96,35.05,31.2,33.12,8175967.91,False
2024-11-14,33.11,34.72,30.68,31.21,4206583.37,False
2024-11-15,31.21,33.3,30.59,33.13,2971420.25,False
2024-11-16,33.13,35.74,32.79,35.14,4066373.3,False
2024-11-17,35.15,37.27,33.08,34.71,5673738.64,False
2024-11-18,34.72,36.16,34.06,35.48,4439039.4,False
2024-11-19,35.48,35.63,33.52,34.2,2987306.04,False
2024-11-20,34.2,35.75,32.77,33.59,3615587.8,False
2024-11-21,33.6,36.2,32.31,35.84,4208872.98,False
2024-11-22,35.84,43.52,35.18,43.17,8056726.78,False
2024-11-23,43.18,45.27,40.69,41.44,7788308.37,False
2024-11-24,41.44,43.14,38.31,42.06,5915164.28,False
2024-11-25,42.05,47.93,40.02,41.31,9557513.01,False
2024-11-26,41.31,43.35,38.5,42.72,6473991.3,False
2024-11-27,42.73,44.47,41.95,43.78,4868664.66,False
2024-11-28,43.78,44.24,41.51,42.77,2715014.37,False
2024-11-29,42.78,45.07,42.54,44.86,2791481.17,False
2024-11-30,44.86,46.26,43.65,44.81,2529834.27,False
2024-12-01,44.81,45.78,43.65,45.09,2620155.57,False
2024-12-02,45.09,52.49,45.0,52.27,13230224.23,False
2024-12-03,52.27,53.95,47.8,50.9,8509217.61,False
2024-12-04,50.9,55.79,50.83,52.76,6737952.02,False
2024-12-05,52.76,53.62,48.76,50.3,5150018.91,False
2024-12-06,50.29,53.55,49.62,52.47,3531401.48,False
2024-12-07,52.48,53.08,51.2,51.6,1802079.69,False
2024-12-08,51.6,54.39,50.35,53.98,2610374.95,False
2024-12-09,53.99,54.2,40.4,45.02,8678006.11,False
2024-12-10,45.02,46.49,41.32,44.6,5913538.77,False
2024-12-11,44.6,48.48,42.78,48.47,3179918.54,False
2024-12-12,48.46,55.41,48.21,53.14,6946012.23,False
2024-12-13,53.14,54.03,50.72,52.78,3059871.58,False
2024-12-14,52.79,53.84,49.38,49.85,2178229.4,False
2024-12-15,49.85,51.56,48.1,50.76,2534152.78,False
2024-12-16,50.77,52.05,48.34,48.98,2847916.5,False
2024-12-17,48.99,50.84,47.52,47.92,2405448.95,False
2024-12-18,47.92,48.2,42.63,42.78,4851431.93,False
2024-12-19,42.78,43.61,37.46,38.83,6144612.93,False
2024-12-20,38.84,40.39,33.6,39.86,6360495.34,False
2024-12-21,39.85,42.36,36.93,37.42,2760917.7,False
2024-12-22,37.42,38.54,35.52,36.57,2091153.42,False
2024-12-23,36.57,39.74,35.62,39.11,3166198.31,False
2024-12-24,39.1,42.06,37.7,41.25,2566311.12,False
2024-12-25,41.25,41.9,39.83,40.25,1222671.71,False
2024-12-26,40.26,40.74,36.97,37.33,1918690.88,False
2024-12-27,37.33,39.05,36.31,36.56,1872302.26,False
2024-12-28,36.57,38.14,36.28,37.74,1085666.84,False
2024-12-29,37.75,37.81,35.53,35.84,1157162.61,False
2024-12-30,35.85,37.19,34.87,35.97,2903986.22,False
2024-12-31,35.98,37.29,34.94,35.71,1329180.53,False
2025-01-01,35.7,37.99,34.95,37.78,1248478.54,False
2025-01-02,37.77,40.6,37.77,39.28,1937889.62,False
2025-01-03,39.28,42.19,38.89,41.94,2194111.86,False
2025-01-04,41.93,42.85,40.89,42.63,1643635.51,False
2025-01-05,42.63,43.2,41.24,43.11,1297708.53,False
2025-01-06,43.11,45.05,42.03,44.05,2332218.89,False
2025-01-07,44.04,44.57,39.13,39.21,3020624.86,False
2025-01-08,39.2,39.93,36.19,37.43,2979010.3,False
2025-01-09,37.42,37.94,35.5,36.2,1999453.23,False
2025-01-10,36.21,37.93,35.95,36.67,2106803.56,False
2025-01-11,36.67,37.78,36.02,37.13,864520.17,False
2025-01-12,37.14,37.63,36.11,36.56,806162.71,False
2025-01-13,36.57,37.36,32.79,35.29,3196828.06,False
2025-01-14,35.3,36.72,35.01,36.57,1368764.92,False
2025-01-15,36.57,40.02,36.2,39.82,2645740.7,False
2025-01-16,39.83,40.53,38.34,40.06,2530086.47,False
2025-01-17,40.07,41.82,40.07,41.38,1918562.98,False
2025-01-18,41.37,41.68,38.3,39.25,2433155.45,False
2025-01-19,39.25,40.57,34.86,35.68,5434412.75,False
2025-01-20,35.68,40.24,34.49,36.03,7072834.44,False
2025-01-21,36.04,37.59,34.52,36.95,2671980.96,False
2025-01-22,36.96,37.77,36.5,36.8,1563354.77,False
2025-01-23,36.8,36.96,34.64,35.56,2662984.04,False
2025-01-24,35.56,36.79,34.56,35.34,1730924.12,False
2025-01-25,35.35,37.26,34.9,36.61,1441802.34,False
2025-01-26,36.61,38.16,35.71,35.75,1529011.14,False
2025-01-27,35.74,36.06,32.87,34.2,3827537.04,False
2025-01-28,34.2,34.52,31.84,32.08,1705606.48,False
2025-01-29,32.08,33.84,31.89,32.8,2065519.3,False
2025-01-30,32.8,34.7,32.44,34.29,1413844.81,False
2025-01-31,34.29,36.17,33.8,34.42,2009294.72,False
2025-02-01,34.42,35.1,31.87,32.11,1623830.23,False
2025-02-02,32.11,32.59,25.91,27.63,5849752.61,False
2025-02-03,27.63,28.78,21.2,28.39,16232211.47,False
2025-02-04,28.4,28.64,25.54,26.46,4687789.13,False
2025-02-05,26.47,27.41,25.62,25.84,2339405.41,False
2025-02-06,25.85,26.82,24.28,24.5,2104041.57,False
2025-02-07,24.5,26.22,23.71,24.46,2801287.99,False
2025-02-08,24.46,24.82,23.91,24.58,1241644.47,False
2025-02-09,24.59,25.52,23.66,24.87,1924433.81,False
2025-02-10,24.87,25.99,23.86,25.67,2019175.78,False
2025-02-11,25.66,27.02,24.88,25.39,2096874.29,False
2025-02-12,25.39,27.09,24.29,26.49,2870270.45,False
2025-02-13,26.5,26.62,25.09,25.39,1590769.95,False
2025-02-14,25.4,27.23,25.3,26.39,1934433.81,False
2025-02-15,26.38,26.97,25.38,25.48,880943.46,False
2025-02-16,25.49,25.59,24.74,24.85,1050638.52,False
2025-02-17,24.86,25.95,24.43,25.03,1756982.01,False
2025-02-18,25.04,25.12,22.93,23.52,2182686.86,False
2025-02-19,23.53,24.02,22.98,23.74,1684111.7,False
2025-02-20,23.73,25.35,23.72,25.15,2019666.25,False
2025-02-21,25.15,26.54,23.77,24.54,3693083.33,False
2025-02-22,24.54,26.37,24.44,25.83,2159273.44,False
2025-02-23,25.84,25.98,24.4,24.85,1371001.72,False
2025-02-24,24.85,25.18,21.47,21.88,2988167.3,False
2025-02-25,21.88,22.34,20.3,21.94,5702796.73,False
2025-02-26,21.94,22.59,21.0,21.87,3583388.79,False
2025-02-27,21.88,23.39,21.65,22.52,2709549.54,False
2025-02-28,22.53,22.61,20.23,22.37,4866833.75,False
2025-03-01,22.38,22.5,21.05,21.86,1582538.68,False
2025-03-02,21.87,24.99,21.56,24.95,5943544.61,False
2025-03-03,24.95,25.12,20.58,20.95,5065494.28,False
2025-03-04,20.96,21.11,18.84,20.0,7079770.52,False
2025-03-05,19.99,22.48,19.69,21.73,5087934.65,False
2025-03-06,21.73,22.57,20.89,20.99,3392070.57,False
2025-03-07,21.0,21.32,19.68,20.14,4832190.14,False
2025-03-08,20.14,21.1,19.42,20.49,2408378.09,False
2025-03-09,20.5,20.69,17.76,17.97,2853469.06,False
2025-03-10,17.98,19.06,16.14,16.26,5594677.27,False
2025-03-11,16.26,17.91,15.27,17.51,7468057.14,False
2025-03-12,17.51,18.98,16.95,18.91,3790676.49,False
2025-03-13,18.92,19.33,17.73,18.5,3010210.36,False
2025-03-14,18.51,19.31,18.46,18.58,2623693.56,False
2025-03-15,18.58,19.47,18.37,19.4,2550418.34,False
2025-03-16,19.39,19.85,18.12,18.25,2170899.75,False
2025-03-17,18.26,19.09,18.2,18.82,1988333.14,False
2025-03-18,18.83,19.28,18.32,18.97,2168023.22,False
2025-03-19,18.97,20.1,18.84,19.74,3243124.39,False
2025-03-20,19.74,19.86,18.41,18.74,1835276.74,False
2025-03-21,18.75,19.49,18.36,19.18,1398814.97,False
2025-03-22,19.19,19.74,19.08,19.43,1024746.34,False
2025-03-23,19.43,19.85,19.31,19.82,931913.86,False
2025-03-24,19.82,22.14,19.78,21.48,3286114.76,False
2025-03-25,21.49,23.46,21.29,22.9,2480199.49,False
2025-03-26,22.91,23.25,21.83,22.04,1937359.3,False
2025-03-27,22.05,22.38,21.63,22.02,1464098.29,False
2025-03-28,22.03,22.19,19.77,20.36,2326905.48,False
2025-03-29,20.37,20.54,19.46,19.6,1829316.22,False
2025-03-30,19.6,19.91,18.69,18.86,1847685.92,False
2025-03-31,18.87,19.12,18.18,18.77,2071811.15,False
2025-04-01,18.78,19.95,18.72,19.82,2184703.13,False
2025-04-02,19.83,19.9,17.76,17.99,4154300.33,False
2025-04-03,17.98,18.99,17.58,18.15,2568740.81,False
2025-04-04,18.16,18.77,17.61,18.19,2567824.38,False
2025-04-05,18.18,18.37,17.69,17.87,892954.09,False
2025-04-06,17.88,17.92,15.62,16.04,2995334.12,False
2025-04-07,16.05,17.23,14.66,16.68,7001164.45,False
2025-04-08,16.69,17.74,15.94,16.15,3013852.32,False
2025-04-09,16.16,18.91,15.59,18.44,5039404.19,False
2025-04-10,18.44,18.45,17.55,18.31,2260469.93,False
2025-04-11,18.31,19.57,18.31,19.12,2645844.68,False
2025-04-12,19.13,21.03,18.84,20.49,2565460.53,False
2025-04-13,20.5,20.68,19.27,19.59,2081180.7,False
2025-04-14,19.6,20.68,19.55,20.11,2493602.65,False
2025-04-15,20.12,20.28,18.96,19.01,1992562.14,False
2025-04-16,19.01,19.3,18.5,18.76,1866616.8,False
2025-04-17,18.75,19.56,18.69,19.05,1310110.82,False
2025-04-18,19.06,19.34,18.85,19.07,717388.72,False
2025-04-19,19.07,20.36,19.03,19.89,1150790.73,False
2025-04-20,19.89,20.04,19.23,19.51,968529.05,False
2025-04-21,19.51,20.95,19.51,19.92,2363765.38,False
2025-04-22,19.92,22.3,19.44,22.11,3142750.25,False
2025-04-23,22.11,23.08,21.88,22.33,3055259.88,False
2025-04-24,22.34,22.64,21.61,22.37,1922790.32,False
2025-04-25,22.38,22.87,21.77,22.17,2307424.43,False
2025-04-26,22.17,22.99,21.72,22.42,1837182.04,False
2025-04-27,22.41,22.8,21.65,21.71,1405919.05,False
2025-04-28,21.72,22.43,21.02,21.84,2387195.87,False
2025-04-29,21.84,22.3,21.27,21.57,1849977.57,False
2025-04-30,21.56,21.94,20.36,20.92,2032986.84,False
2025-05-01,20.91,21.87,20.81,21.64,2133588.19,False
2025-05-02,21.64,22.19,20.97,21.25,1781738.14,False
2025-05-03,21.26,21.28,20.49,20.52,1026816.5,False
2025-05-04,20.53,20.63,19.76,19.91,1135995.1,False
2025-05-05,19.91,20.24,19.3,19.69,1425147.33,False
2025-05-06,19.69,20.13,19.27,20.01,1370974.68,False
2025-05-07,20.01,20.25,19.09,19.55,1742392.2,False
2025-05-08,19.55,22.17,19.49,22.16,3458163.09,False
2025-05-09,22.16,24.01,21.96,23.27,4452531.81,False
2025-05-10,23.27,25.97,23.01,25.82,4159813.91,False
2025-05-11,25.81,26.02,24.16,24.78,2729887.08,False
2025-05-12,24.79,26.84,23.73,24.83,5218008.53,False
2025-05-13,24.83,26.25,23.45,25.72,2925803.5,False
2025-05-14,25.72,26.54,24.74,24.96,2672732.93,False
2025-05-15,24.95,25.13,22.94,23.5,3638550.04,False
2025-05-16,23.51,24.05,22.67,23.06,2227565.34,False
2025-05-17,23.06,23.14,21.97,22.17,1687574.64,False
2025-05-18,22.18,23.86,21.56,23.06,2886141.5,False
2025-05-19,23.06,23.2,21.26,22.25,2300923.36,False
2025-05-20,22.25,22.82,21.75,22.6,2363016.87,False
2025-05-21,22.61,23.81,22.15,23.17,3700764.84,False
2025-05-22,23.18,25.43,23.13,25.26,4544921.58,False
2025-05-23,25.26,25.98,22.92,23.07,4705888.32,False
2025-05-24,23.08,23.48,22.75,22.96,1900215.75,False
2025-05-25,22.96,23.47,22.03,23.45,1560632.88,False
2025-05-26,23.45,24.0,22.87,23.07,1683985.16,False
2025-05-27,23.06,23.88,22.51,23.38,2332149.83,False
2025-05-28,23.38,23.77,22.77,23.6,1846290.62,False
2025-05-29,23.61,24.35,22.17,22.25,3088525.48,False
2025-05-30,22.25,22.35,20.4,20.56,3279913.72,False
2025-05-31,20.55,21.12,19.77,20.8,1892744.39,False
2025-06-01,20.81,20.97,20.17,20.88,1153604.59,False
2025-06-02,20.88,21.32,20.22,21.15,1502072.99,False
2025-06-03,21.16,21.7,20.89,21.14,1566776.54,False
2025-06-04,21.14,21.64,20.06,20.09,1830422.72,False
2025-06-05,20.08,20.54,18.43,18.75,3250405.7,False
2025-06-06,18.75,19.95,18.63,19.64,1859494.01,False
2025-06-07,19.64,21.13,19.56,20.65,1466628.82,False
2025-06-08,20.66,21.49,20.14,21.04,1901641.64,False
2025-06-09,21.04,22.04,20.22,21.95,2477870.38,False
2025-06-10,21.94,22.59,21.51,22.57,3111970.84,False
2025-06-11,22.57,22.77,21.32,21.57,2612028.0,False
2025-06-12,21.56,21.62,20.15,20.28,2415966.59,False
2025-06-13,20.28,20.3,18.46,19.41,5203353.31,False
2025-06-14,19.42,19.43,18.71,18.93,1096166.12,False
2025-06-15,18.94,19.28,18.73,19.1,1025408.3,False
2025-06-16,19.11,20.0,18.9,19.06,2053892.52,False
2025-06-17,19.06,19.49,18.13,18.58,2290731.0,False
2025-06-18,18.59,18.9,18.07,18.16,1961262.65,False
2025-06-19,18.17,18.39,17.64,18.06,2008390.39,False
2025-06-20,18.06,18.41,16.94,17.37,2195101.91,False
2025-06-21,17.38,17.64,16.32,16.82,2333601.25,False
2025-06-22,16.82,17.11,15.61,16.53,3130501.11,False
2025-06-23,16.53,18.19,16.26,18.06,3812779.65,False
2025-06-24,18.06,18.49,17.88,18.23,2249538.26,False
2025-06-25,18.24,18.37,17.42,17.57,1737924.36,False
2025-06-26,17.57,18.02,17.09,17.23,1486292.73,False
2025-06-27,17.24,17.79,17.02,17.58,1267515.56,False
2025-06-28,17.58,18.08,17.48,17.97,818567.26,False
2025-06-29,17.98,18.9,17.8,18.73,1322755.99,False
2025-06-30,18.73,18.88,17.71,17.96,1826960.62,False
2025-07-01,17.97,18.06,16.94,17.1,1494015.26,False
2025-07-02,17.11,18.83,16.97,18.51,2701044.64,False
2025-07-03,18.51,19.17,18.34,18.54,2023149.88,False
2025-07-04,18.55,18.88,17.5,17.8,1884464.87,False
2025-07-05,17.8,17.99,17.62,17.92,638719.79,False
2025-07-06,17.92,18.62,17.74,18.29,1092614.2,False
2025-07-07,18.3,18.59,17.8,17.99,1162903.04,False
2025-07-08,18.0,18.48,17.69,18.36,1311269.48,False
2025-07-09,18.37,19.63,18.09,19.5,2690754.32,False
2025-07-10,19.5,20.79,19.34,20.7,3077304.92,False
2025-07-11,20.7,21.53,20.32,20.68,3331979.17,False
2025-07-12,20.67,21.08,20.18,20.69,2113337.99,False
2025-07-13,20.68,21.8,20.66,21.2,2637539.97,False
2025-07-14,21.21,22.08,21.02,21.26,2537960.71,False
2025-07-15,21.27,22.58,20.39,22.51,4237676.39,False
2025-07-16,22.52,23.02,21.61,22.66,3024064.87,False
2025-07-17,22.65,24.34,22.02,23.91,4163407.41,False
2025-07-18,23.91,25.03,23.06,23.51,4182701.83,False
2025-07-19,23.51,25.23,23.01,24.5,2828014.21,False
2025-07-20,24.51,25.55,24.31,25.04,3050674.47,False
2025-07-21,25.05,26.53,24.64,25.43,3722779.88,False
2025-07-22,25.43,26.09,24.71,25.88,5403307.88,False
2025-07-23,25.88,26.1,23.15,23.95,4138078.83,False
2025-07-24,23.96,24.44,22.53,23.67,2954572.88,False
2025-07-25,23.67,24.04,22.86,24.01,2429187.43,False
2025-07-26,24.01,25.77,23.84,24.94,2322954.64,False
2025-07-27,24.94,26.46,24.74,26.06,2193331.4,False
2025-07-28,26.06,27.38,24.99,25.21,5003307.81,False
2025-07-29,25.21,25.51,23.88,24.37,3654141.86,False
2025-07-30,24.38,24.51,22.4,23.31,3448147.52,False
2025-07-31,23.3,24.12,22.4,22.47,2756295.09,False
2025-08-01,22.47,22.58,21.02,21.51,3948656.05,False
2025-08-02,21.52,21.82,20.66,20.86,1443378.5,False
2025-08-03,20.87,21.54,20.57,21.37,1065667.37,False
2025-08-04,21.38,23.13,21.34,23.11,2828179.45,False
2025-08-05,23.12,23.14,21.44,21.92,1854068.5,False
2025-08-06,21.92,22.4,21.57,22.23,1609597.38,False
2025-08-07,22.24,23.36,21.95,23.36,2606524.79,False
2025-08-08,23.35,23.87,23.0,23.79,2948550.23,False
2025-08-09,23.8,24.82,23.73,24.23,3706511.37,False
2025-08-10,24.24,24.55,23.26,23.83,2042077.94,False
2025-08-11,23.84,24.63,22.65,22.79,2917750.34,False
2025-08-12,22.79,24.9,22.74,24.67,3234718.02,False
2025-08-13,24.67,25.68,24.37,25.47,3255245.91,False
2025-08-14,25.47,25.99,23.18,23.67,5773899.55,False
2025-08-15,23.66,25.66,23.46,23.77,5593714.7,False
2025-08-16,23.76,24.37,23.57,24.3,1610583.32,False
2025-08-17,24.3,25.68,24.02,25.06,2713774.39,False
2025-08-18,25.07,25.33,23.36,23.7,3792415.91,False
2025-08-19,23.7,24.06,22.31,22.37,2882360.08,False
2025-08-20,22.36,23.55,22.23,23.46,2293194.21,False
2025-08-21,23.45,23.62,22.72,22.77,1706315.72,False
2025-08-22,22.78,25.4,22.19,25.25,5485181.93,False
2025-08-23,25.26,26.77,24.47,26.26,5753729.12,False
2025-08-24,26.26,26.57,24.92,25.83,4047628.7,False
2025-08-25,25.83,26.0,23.03,23.35,4117635.73,False
2025-08-26,23.35,24.35,23.09,24.17,2647190.56,False
2025-08-27,24.17,25.33,23.86,24.42,3575703.83,False
2025-08-28,24.42,25.08,24.13,24.93,2606202.3,False
2025-08-29,24.93,25.2,23.2,23.55,3838827.52,False
2025-08-30,23.54,23.94,23.1,23.78,1173614.41,False
2025-08-31,23.78,24.2,23.38,23.4,1062889.49,False
2025-09-01,23.4,24.33,22.67,23.21,3735535.61,False
2025-09-02,23.22,24.5,23.02,24.46,3640156.76,False
2025-09-03,24.47,25.78,24.27,25.2,3567888.32,False
2025-09-04,25.21,25.28,24.18,24.21,2160658.31,False
2025-09-05,24.21,25.11,23.86,24.47,2980843.48,False
2025-09-06,24.48,24.62,24.09,24.38,869250.62,False
2025-09-07,24.37,24.95,24.26,24.68,1253296.14,False
2025-09-08,24.69,25.8,24.53,25.29,2389358.41,False
2025-09-09,25.29,26.36,24.9,25.93,3883910.84,False
2025-09-10,25.94,29.52,25.75,29.48,7835798.78,False
2025-09-11,29.47,29.99,28.3,29.15,4409659.2,False
2025-09-12,29.14,29.4,28.25,28.99,3485659.59,False
2025-09-13,28.98,31.25,28.74,30.08,6655109.56,False
2025-09-14,30.08,30.64,28.96,29.44,4026228.24,False
2025-09-15,29.44,30.45,28.22,29.81,4822176.71,False
2025-09-16,29.81,31.0,29.17,30.08,4046243.14,False
2025-09-17,30.07,32.0,29.38,31.82,4496864.96,False
2025-09-18,31.82,35.43,31.63,35.19,8086451.91,False
2025-09-19,35.19,35.81,33.34,33.75,5353801.63,False
2025-09-20,33.74,34.11,32.86,33.17,2827363.71,False
2025-09-21,33.17,33.61,32.58,33.04,2354952.36,False
2025-09-22,33.05,33.98,29.41,33.86,7906750.93,False
2025-09-23,33.87,36.16,32.75,33.61,9338116.95,False
2025-09-24,33.6,34.85,32.26,32.31,4766219.2,False
2025-09-25,32.31,32.8,28.51,28.64,7152756.29,False
2025-09-26,28.63,29.6,27.07,29.09,6421766.72,False
2025-09-27,29.1,29.11,28.23,28.74,1881547.05,False
2025-09-28,28.75,30.3,27.92,30.01,2997791.17,False
2025-09-29,30.01,30.82,29.13,30.41,5331556.45,False
2025-09-30,30.41,30.72,28.81,30.01,4008225.28,False
2025-10-01,30.02,31.1,29.61,30.73,3883191.93,False
2025-10-02,30.74,31.38,29.48,30.98,6997460.97,False
2025-10-03,30.97,31.57,29.99,31.31,4752367.67,False
2025-10-04,31.32,31.44,29.85,30.12,2572315.27,False
2025-10-05,30.12,31.21,29.63,30.07,2993145.41,False
2025-10-06,30.07,31.03,29.94,30.61,3085401.61,False
2025-10-07,30.61,30.73,27.81,27.93,4890362.4,False
2025-10-08,27.92,29.63,27.84,28.82,2651599.97,False
2025-10-09,28.82,28.9,27.58,28.38,2269490.81,False
2025-10-10,28.38,28.62,8.52,20.68,15387912.02,False
2025-10-11,20.67,23.38,20.27,21.46,9122170.63,False
2025-10-12,21.45,23.34,20.66,22.51,7083271.57,False
2025-10-13,22.5,24.07,21.68,23.8,9277860.33,False
2025-10-14,23.8,23.9,21.81,22.74,6841648.76,False
2025-10-15,22.73,23.29,21.56,21.9,3657254.33,False
2025-10-16,21.9,22.39,20.58,20.98,4348824.61,False
2025-10-17,20.97,21.27,19.03,19.96,5812253.03,False
2025-10-18,19.95,20.42,19.82,20.21,1676585.17,False
2025-10-19,20.22,20.84,19.75,20.59,2143184.1,False
2025-10-20,20.59,21.21,20.17,20.34,2955524.04,False
2025-10-21,20.34,20.85,19.46,19.54,3757859.23,False
2025-10-22,19.54,19.71,18.42,19.02,3336086.79,False
2025-10-23,19.02,19.74,18.98,19.14,2616353.3,False
2025-10-24,19.13,19.96,19.02,19.49,2398372.66,False
2025-10-25,19.49,19.83,19.24,19.71,1481426.75,False
2025-10-26,19.72,20.96,19.34,20.82,3076459.26,False
2025-10-27,20.83,21.1,20.17,20.33,2370635.69,False
2025-10-28,20.33,20.52,19.13,19.47,2668509.9,False
2025-10-29,19.47,20.2,19.31,19.66,2469575.16,False
2025-10-30,19.66,19.97,17.51,18.11,4250377.06,False
2025-10-31,18.12,18.58,17.78,18.19,2613032.42,False
2025-11-01,18.19,18.74,18.07,18.73,1331179.23,False
2025-11-02,18.72,19.01,18.1,18.8,1391904.48,False
2025-11-03,18.81,18.91,15.91,16.65,6049270.76,False
2025-11-04,16.66,17.01,15.0,15.98,6537912.15,False
2025-11-05,15.98,16.99,15.29,16.61,3776605.59,False
2025-11-06,16.61,16.73,15.61,16.13,2855283.89,False
2025-11-07,16.13,18.07,16.05,17.74,6510611.2,False
2025-11-08,17.75,18.41,17.02,17.5,3365687.64,False
2025-11-09,17.5,17.91,16.81,17.77,2421432.02,False
2025-11-10,17.77,18.36,17.64,18.18,2968615.81,False
2025-11-11,18.19,18.61,16.97,17.0,2938925.18,False
2025-11-12,17.01,17.77,16.64,16.82,2341822.26,False
2025-11-13,16.81,17.69,15.76,16.1,3784604.46,False
2025-11-14,16.1,16.18,14.84,15.13,4989778.42,False
2025-11-15,15.13,15.79,15.11,15.53,1355598.92,False
2025-11-16,15.52,15.86,14.62,15.15,3008987.32,False
2025-11-17,15.14,15.85,14.26,14.53,4255835.74,False
2025-11-18,14.53,14.93,14.03,14.58,3585664.15,False
2025-11-19,14.59,14.7,13.71,14.28,3315595.15,False
2025-11-20,14.28,14.53,13.5,13.81,4382359.95,False
2025-11-21,13.81,13.99,12.57,13.28,6350052.93,False
2025-11-22,13.29,13.39,13.03,13.23,2893129.28,False
2025-11-23,13.24,13.47,13.21,13.27,2262185.57,False
2025-11-24,13.28,14.05,13.16,13.89,3754410.25,False
2025-11-25,13.89,14.38,13.7,14.18,2984316.25,False
2025-11-26,14.18,14.96,13.91,14.95,2717281.59,False
2025-11-27,14.96,15.17,14.87,15.02,2289006.72,False
2025-11-28,15.02,15.27,14.78,14.84,2618362.46,False
2025-11-29,14.85,14.91,14.19,14.25,1712927.69,False
2025-11-30,14.25,14.34,13.66,13.71,2295459.19,False
2025-12-01,13.72,13.74,12.54,12.76,3627901.18,False
2025-12-02,12.76,13.76,12.71,13.62,4573878.59,False
2025-12-03,13.63,15.09,13.58,14.78,5191197.88,False
2025-12-04,14.78,14.88,14.21,14.41,2684653.29,False
2025-12-05,14.4,14.52,13.09,13.21,3576441.81,False
2025-12-06,13.21,13.49,13.14,13.4,1994460.04,False
2025-12-07,13.41,13.85,12.96,13.49,2408002.8,False
2025-12-08,13.49,13.91,13.38,13.64,1938188.44,False
2025-12-09,13.64,14.73,13.5,14.6,3324499.54,False
2025-12-10,14.61,14.83,14.09,14.11,3106622.83,False
2025-12-11,14.11,14.11,12.89,13.42,3801664.23,False
2025-12-12,13.42,13.79,12.81,13.1,2464500.09,False
2025-12-13,13.11,13.47,13.09,13.37,1578228.62,False
2025-12-14,13.37,13.4,12.73,12.88,1429641.0,False
2025-12-15,12.88,13.35,12.2,12.34,3503587.76,False
2025-12-16,12.35,12.4,11.91,12.35,3313909.31,False
2025-12-17,12.34,12.66,11.69,11.87,3989453.63,False
2025-12-18,11.86,12.32,11.28,11.44,4678986.21,False
2025-12-19,11.44,12.45,11.26,12.26,4112097.37,False
2025-12-20,12.25,12.38,12.13,12.21,971046.59,False
2025-12-21,12.22,12.34,11.96,12.14,1234066.71,False
2025-12-22,12.15,12.45,12.01,12.42,3136015.78,False
2025-12-23,12.42,12.55,11.84,12.18,2667803.57,False
2025-12-24,12.18,12.23,11.89,12.1,1607835.82,False
2025-12-25,12.11,12.55,12.05,12.09,2261537.45,False
2025-12-26,12.09,12.62,12.03,12.34,2107626.16,False
2025-12-27,12.34,12.8,12.33,12.69,1402720.88,False
2025-12-28,12.7,12.9,12.53,12.64,1705451.88,False
2025-12-29,12.64,13.2,12.35,12.38,3591031.92,False
2025-12-30,12.37,12.64,12.33,12.58,1682281.43,False
2025-12-31,12.58,12.72,12.21,12.32,1812519.45,False
2026-01-01,12.32,13.69,12.23,13.59,4403379.82,False
2026-01-02,13.59,13.98,13.09,13.82,3276497.14,False
2026-01-03,13.82,14.4,13.67,13.99,2908188.75,False
2026-01-04,13.98,14.49,13.9,14.25,2167561.94,False
2026-01-05,14.25,14.72,13.91,14.45,3062802.52,False
2026-01-06,14.46,14.83,14.24,14.59,3416418.28,False
2026-01-07,14.6,14.6,13.88,14.11,2264630.86,False
2026-01-08,14.12,14.25,13.6,13.89,1822609.54,False
2026-01-09,13.89,14.22,13.61,13.79,1860467.06,False
2026-01-10,13.78,13.94,13.64,13.74,656465.16,False
2026-01-11,13.73,13.99,13.48,13.7,1071942.18,False
2026-01-12,13.71,14.22,13.39,13.53,2612087.13,False
2026-01-13,13.52,14.85,13.48,14.75,4022695.09,False
2026-01-14,14.76,14.95,14.41,14.6,2956916.76,False
2026-01-15,14.6,14.63,13.61,13.82,2471785.31,False
2026-01-16,13.82,13.87,13.19,13.59,2257468.71,False
2026-01-17,13.59,13.97,13.53,13.75,1153279.65,False
2026-01-18,13.75,13.83,12.94,12.98,1448582.51,False
2026-01-19,12.98,12.99,12.09,12.74,3210706.15,False
2026-01-20,12.73,12.76,11.97,12.09,3044192.13,False
2026-01-21,12.09,12.73,11.88,12.42,3475396.94,False
2026-01-22,12.42,12.62,12.04,12.2,1477392.32,False
2026-01-23,12.2,12.5,11.99,12.13,2123247.62,False
2026-01-24,12.13,12.19,11.97,12.05,635754.35,False
2026-01-25,12.05,12.08,11.23,11.49,2327274.41,False
2026-01-26,11.49,11.92,11.46,11.72,2217831.4,False
2026-01-27,11.72,12.2,11.58,12.14,2157614.23,False
2026-01-28,12.14,12.29,11.93,12.07,1817855.54,False
2026-01-29,12.08,12.1,10.8,11.04,4766952.55,False
2026-01-30,11.04,11.09,10.63,10.87,4376331.89,False
2026-01-31,10.88,10.9,9.16,10.12,8363024.98,False
2026-02-01,10.12,10.26,9.67,9.91,3370320.29,False
2026-02-02,9.91,10.32,9.53,10.14,3599683.7,False
2026-02-03,10.14,10.34,9.54,9.93,4359390.25,False
2026-02-04,9.92,10.17,9.55,9.72,3707443.3,False
2026-02-05,9.71,9.85,8.24,8.32,10982635.25,False
2026-02-06,8.32,9.48,7.55,9.28,7616631.97,False
2026-02-07,9.28,9.4,8.91,9.23,4429288.97,False
2026-02-08,9.22,9.3,9.0,9.08,1952474.13,False
2026-02-09,9.08,9.21,8.72,9.06,2161048.33,False
2026-02-10,9.06,9.11,8.65,8.76,2155570.06,False
2026-02-11,8.76,8.97,8.43,8.63,3451059.39,False
2026-02-12,8.63,8.97,8.62,8.9,2722312.61,False
2026-02-13,8.9,9.26,8.74,9.14,2317253.05,False
2026-02-14,9.15,9.72,9.12,9.59,1957200.45,False
2026-02-15,9.6,9.75,9.14,9.29,2304620.32,False
2026-02-16,9.29,9.42,9.05,9.26,1993597.08,False
2026-02-17,9.26,9.3,9.0,9.14,1500684.97,False
2026-02-18,9.13,9.21,8.8,8.86,1645715.84,False
2026-02-19,8.86,8.94,8.66,8.91,2125984.17,False
2026-02-20,8.9,9.36,8.88,9.17,3170314.84,False
2026-02-21,9.17,9.45,9.11,9.12,1520821.29,False
2026-02-22,9.12,9.12,8.79,8.87,1894149.53,False
2026-02-23,8.87,8.9,8.27,8.36,3519799.52,False
2026-02-24,8.37,8.45,8.18,8.29,2069343.37,False
2026-02-25,8.28,9.84,8.26,9.51,8207207.42,False
2026-02-26,9.51,9.64,9.09,9.31,4367337.35,False
2026-02-27,9.31,9.48,8.78,8.95,3241829.57,False
2026-02-28,8.95,9.27,8.42,9.16,4471001.96,False
2026-03-01,9.17,9.43,8.85,9.04,3517576.45,False
2026-03-02,9.03,9.48,8.86,9.17,3607621.55,False
2026-03-03,9.18,9.34,8.9,9.18,2950312.27,False
2026-03-04,9.18,9.78,9.0,9.5,5118929.94,False
2026-03-05,9.49,9.58,9.26,9.39,2107112.13,False
2026-03-06,9.38,9.46,8.88,9.01,3054531.85,False
2026-03-07,9.01,9.08,8.87,8.91,1118928.85,False
2026-03-08,8.91,9.02,8.69,8.82,1613416.48,False
2026-03-09,8.82,9.53,8.81,9.26,3172189.24,False
2026-03-10,9.26,9.96,9.25,9.53,3406932.21,False
2026-03-11,9.53,9.86,9.48,9.55,1940684.53,False
2026-03-12,9.56,9.74,9.43,9.67,1583048.46,False
2026-03-13,9.67,10.29,9.65,9.72,3606631.26,False
2026-03-14,9.72,9.78,9.52,9.73,1235374.88,False
2026-03-15,9.73,10.04,9.65,9.95,1425372.81,False
2026-03-16,9.94,10.52,9.88,10.49,4566957.89,False
2026-03-17,10.48,10.55,10.18,10.2,2960054.15,False
2026-03-18,10.2,10.36,9.48,9.69,3287751.42,False
2026-03-19,9.68,9.75,9.33,9.48,1361923.8,False
2026-03-20,9.48,9.65,9.41,9.56,1369184.65,False
2026-03-21,9.57,9.64,9.15,9.21,1043822.96,False
2026-03-22,9.21,9.36,8.87,9.03,1608037.56,False
2026-03-23,9.03,9.76,8.92,9.56,3004958.69,False
2026-03-24,9.56,9.65,9.35,9.62,1570023.23,False
2026-03-25,9.63,9.8,9.56,9.68,1815508.94,False
2026-03-26,9.69,9.69,8.99,9.11,2063705.57,False
2026-03-27,9.1,9.15,8.66,8.79,2101191.0,False
2026-03-28,8.79,8.99,8.7,8.75,949852.2,False
2026-03-29,8.76,8.82,8.37,8.6,1116725.08,False
2026-03-30,8.6,9.08,8.56,8.81,1613301.92,False
2026-03-31,8.81,9.07,8.69,8.91,1636937.52,False
2026-04-01,8.91,9.48,8.87,9.13,2896821.47,False
2026-04-02,9.13,9.19,8.62,8.75,2611985.21,False
2026-04-03,8.75,9.15,8.73,8.91,1539700.91,False
2026-04-04,8.91,9.11,8.83,8.99,719054.7,False
2026-04-05,8.99,9.09,8.74,9.06,857876.01,False
2026-04-06,9.07,9.66,8.81,8.91,3843829.97,False
2026-04-07,8.9,9.62,8.46,9.43,6882469.21,False
2026-04-08,9.43,9.56,9.04,9.05,3286293.67,False
2026-04-09,9.05,9.7,8.92,9.37,2920718.2,False
2026-04-10,9.37,9.56,9.25,9.39,1997802.09,False
2026-04-11,9.39,9.61,9.19,9.38,1639251.72,False
2026-04-12,9.37,9.39,8.92,9.03,2241067.22,False
2026-04-13,9.04,9.71,8.97,9.66,3419224.2,False
2026-04-14,9.66,9.71,9.21,9.31,3276040.98,False
2026-04-15,9.3,9.57,9.26,9.43,2180446.37,False
2026-04-16,9.44,9.89,9.26,9.73,3911612.9,False
2026-04-17,9.72,10.01,9.45,9.72,3237491.1,False
2026-04-18,9.72,9.79,9.3,9.33,1985427.01,False
2026-04-19,9.33,9.36,8.96,9.0,2781932.77,False
2026-04-20,9.0,9.44,8.98,9.27,3340913.84,False
2026-04-21,9.27,9.53,9.17,9.39,2526167.85,False
2026-04-22,9.4,9.68,9.33,9.33,2632701.83,False
2026-04-23,9.33,9.45,9.16,9.38,2441918.23,False
2026-04-24,9.39,9.48,9.28,9.4,1285732.01,False
2026-04-25,9.4,9.5,9.28,9.36,988627.53,False
2026-04-26,9.36,9.55,9.31,9.45,1422096.89,False
2026-04-27,9.46,9.57,9.08,9.27,1959769.48,False
2026-04-28,9.26,9.28,9.11,9.17,1238580.9,False
2026-04-29,9.17,9.45,8.92,9.12,2244269.38,False
2026-04-30,9.12,9.23,9.05,9.09,1164480.51,False
2026-05-01,9.1,9.27,9.06,9.08,1184996.33,False
2026-05-02,9.09,9.25,9.06,9.18,818732.77,False
2026-05-03,9.19,9.2,8.97,9.08,1301199.04,False
2026-05-04,9.08,9.38,8.99,9.18,2651098.82,False
2026-05-05,9.18,9.52,9.17,9.4,1941437.43,False
2026-05-06,9.4,9.78,9.37,9.61,3142945.26,False
2026-05-07,9.61,9.7,9.37,9.5,2245294.05,False
2026-05-08,9.51,10.02,9.43,9.91,2762743.15,False
2026-05-09,9.91,10.12,9.8,9.97,1852146.85,False
2026-05-10,9.96,10.49,9.85,10.23,2767352.07,False
2026-05-11,10.23,10.27,9.97,10.14,1857113.37,False
2026-05-12,10.14,10.17,9.66,9.83,1849897.01,False
2026-05-13,9.83,10.16,9.62,9.76,1862467.14,False
2026-05-14,9.76,10.14,9.63,9.91,1918070.54,False
2026-05-15,9.9,9.97,9.41,9.54,1530463.96,False
2026-05-16,9.53,9.58,9.19,9.29,1253483.79,False
2026-05-17,9.3,9.42,8.96,9.2,1450571.67,False
2026-05-18,9.19,9.27,9.01,9.24,1552618.45,False
2026-05-19,9.25,9.32,9.02,9.11,1038722.26,False
2026-05-20,9.1,9.4,9.06,9.298,1388184.75,False
2026-05-21,9.297,9.517,9.25,9.453,2948219.92,False
2026-05-22,9.453,9.602,9.099,9.154,2311807.61,False
2026-05-23,9.155,9.59,8.834,9.39,3277110.76,False
2026-05-24,9.391,9.429,9.069,9.212,1141151.67,False
2026-05-25,9.212,9.506,9.153,9.31,1275642.09,False
2026-05-26,9.31,9.49,9.119,9.14,1716886.87,False
2026-05-27,9.14,9.291,8.994,9.043,1635208.16,False
2026-05-28,9.042,9.074,8.715,8.928,2253594.76,False
2026-05-29,8.928,9.003,8.656,8.827,1503250.18,False
2026-05-30,8.827,9.049,8.812,8.946,931649.88,False
2026-05-31,8.947,9.084,8.8,8.983,1060096.52,False
2026-06-01,8.983,9.074,8.677,8.936,1893045.04,False
2026-06-02,8.936,8.944,8.029,8.18,2714711.46,False
2026-06-03,8.181,8.372,7.909,8.049,3545648.75,False
2026-06-04,8.048,8.117,7.519,7.707,4838681.72,False
2026-06-05,7.706,7.724,6.584,6.729,6573341.98,False
2026-06-06,6.73,6.933,6.224,6.666,1352103.54,False
