rank,members,size,strategy,f1,precision,recall,false_alarm_rate,avg_lead_time,total_signals,detected_crashes,total_crashes
1,M5+M8+M6,3,OR,0.60236145424916,0.43990719257540606,0.9550561797752809,0.560092807424594,9.722387220288043,2155,255,267
2,M5+M7+M8,3,OR,0.6008236802562886,0.4382687927107061,0.9550561797752809,0.5617312072892938,9.569524367979055,2195,255,267
3,M5+M6+VOL4,3,OR,0.5951871387905214,0.4439701173959445,0.9026217228464419,0.5560298826040555,9.81651257036463,1874,241,267
4,M5+M8,2,OR,0.5946655006558811,0.43174603174603177,0.9550561797752809,0.5682539682539682,9.717352817728441,1890,255,267
5,M5+M7+VOL4,3,OR,0.5925978059101425,0.441994750656168,0.898876404494382,0.558005249343832,9.627716435888155,1905,240,267
6,M5+M7+M6,3,OR,0.5906154009109204,0.481353591160221,0.7640449438202247,0.518646408839779,9.66474523946411,1448,204,267
7,M5+M6,2,OR,0.5894035294056958,0.4906937394247039,0.7378277153558053,0.5093062605752962,9.881373818151513,1182,197,267
8,M5+VOL6+M6,3,OR,0.5888754965500493,0.4199749268700376,0.9850187265917603,0.5800250731299624,10.208375127020041,2393,263,267
9,M5+M6+V4,3,OR,0.5870328254610946,0.4462242562929062,0.8576779026217228,0.5537757437070938,9.685009436712823,1748,229,267
10,M5+V7+M6,3,OR,0.5863056584149748,0.4215354901014003,0.9625468164794008,0.5784645098985998,10.214675157116366,2071,257,267
11,M5+VOL6+M7,3,OR,0.5861946173492587,0.4179287760949652,0.9812734082397003,0.5820712239050347,10.078208276759023,2443,262,267
12,M5+VOL3+M6,3,OR,0.5860726148207536,0.4365482233502538,0.8913857677902621,0.5634517766497462,10.317292550004817,1970,238,267
13,M5+X5+M6,3,OR,0.5856017221501912,0.4173262972735268,0.9812734082397003,0.5826737027264732,9.909383654613253,2274,262,267
14,M5+VOL4,2,OR,0.5853454583463992,0.4339739615623063,0.898876404494382,0.5660260384376937,9.822527413171557,1613,240,267
15,M7+M8+M6,3,OR,0.5838104395494788,0.42261038330907325,0.9438202247191011,0.5773896166909267,9.63658765880326,2061,252,267
16,M5+M7,2,OR,0.5836972050626799,0.4844517184942717,0.7340823970037453,0.5155482815057283,9.61154737070498,1222,196,267
17,M5+M7+V4,3,OR,0.5833069154476699,0.4409448818897638,0.8614232209737828,0.5590551181102362,9.532859398623462,1778,230,267
18,M5+M8+VOL4,3,OR,0.5832092489173137,0.4183417085427136,0.9625468164794008,0.5816582914572864,9.89671586284572,2388,257,267
19,M5+M7+X5,3,OR,0.5829705765213078,0.41533131225638803,0.9775280898876404,0.5846686877436119,9.746876238410678,2309,261,267
20,M5+M7+VOL3,3,OR,0.5821563155411819,0.434,0.8838951310861424,0.566,10.112922666046414,2000,236,267
21,M5+M7+V7,3,OR,0.5806658662667223,0.4164319248826291,0.9588014981273408,0.5835680751173709,10.0890440696012,2130,256,267
22,M5+M8+V4,3,OR,0.5792960509271253,0.41363636363636364,0.9662921348314607,0.5863636363636363,9.751395844673082,2420,258,267
23,M5+VOL6,2,OR,0.5791193516557052,0.4107728337236534,0.9812734082397003,0.5892271662763466,10.27429974712961,2135,262,267
24,M7+M8,2,OR,0.577413331168304,0.41593886462882096,0.9438202247191011,0.584061135371179,9.6179640281155,1832,252,267
25,M5+VOL3,2,WEIGHTED,0.5772509964327186,0.49280177187153934,0.6966292134831461,0.5071982281284607,9.88706594285594,903,186,267
26,M5+M8,2,WEIGHTED,0.5772509964327186,0.49280177187153934,0.6966292134831461,0.5071982281284607,9.88706594285594,903,186,267
27,M5+X5,2,WEIGHTED,0.5772509964327186,0.49280177187153934,0.6966292134831461,0.5071982281284607,9.88706594285594,903,186,267
28,M5+V7,2,WEIGHTED,0.5772509964327186,0.49280177187153934,0.6966292134831461,0.5071982281284607,9.88706594285594,903,186,267
29,M5+VOL4,2,WEIGHTED,0.5772509964327186,0.49280177187153934,0.6966292134831461,0.5071982281284607,9.88706594285594,903,186,267
30,M5+V4,2,WEIGHTED,0.5772509964327186,0.49280177187153934,0.6966292134831461,0.5071982281284607,9.88706594285594,903,186,267
31,M5+M6,2,WEIGHTED,0.5772509964327186,0.49280177187153934,0.6966292134831461,0.5071982281284607,9.88706594285594,903,186,267
32,M5+VOL6,2,WEIGHTED,0.5772509964327186,0.49280177187153934,0.6966292134831461,0.5071982281284607,9.88706594285594,903,186,267
33,M5+M7,2,WEIGHTED,0.5772509964327186,0.49280177187153934,0.6966292134831461,0.5071982281284607,9.88706594285594,903,186,267
34,M5+V4,2,OR,0.5771016260720682,0.4377942165433759,0.846441947565543,0.5622057834566241,9.66029519971727,1487,226,267
35,M5+VOL3,2,OR,0.5769807282307052,0.42915690866510536,0.8801498127340824,0.5708430913348946,10.414299626452223,1708,235,267
36,M5+M8+VOL3,3,OR,0.576141691631012,0.41110682607018895,0.9625468164794008,0.588893173929811,10.14980883935729,2593,257,267
37,M5+V7,2,OR,0.5751034137779202,0.41073384446878425,0.9588014981273408,0.5892661555312158,10.334997443700225,1826,256,267
38,M7+M6+VOL4,3,OR,0.5732685943425851,0.423337091319053,0.8876404494382022,0.576662908680947,9.712110766552092,1774,237,267
39,M5+X5,2,OR,0.5728811097392694,0.4051638530287984,0.9775280898876404,0.5948361469712016,9.910267902519369,2014,261,267
40,M5+V4+VOL4,3,OR,0.5725290797442356,0.4145420207743154,0.9250936329588015,0.5854579792256847,9.78968069204011,2118,247,267
41,M5+VOL6+V4,3,OR,0.5721809395482771,0.403195131228604,0.9850187265917603,0.5968048687713959,10.136376484214733,2629,263,267
42,M5+V7+VOL4,3,OR,0.5705563536994802,0.40220949263502453,0.9812734082397003,0.5977905073649754,10.159504614978788,2444,262,267
43,M7+M8+VOL4,3,OR,0.57052071618558,0.4067503245348334,0.9550561797752809,0.5932496754651666,9.812712171213668,2311,255,267
44,M5+VOL6+M8,3,OR,0.5704588132512578,0.40148698884758366,0.9850187265917603,0.5985130111524164,10.155506863965952,2959,263,267
45,VOL6+M7+M6,3,OR,0.5702546745172702,0.4019097222222222,0.9812734082397003,0.5980902777777778,10.187932228776553,2304,262,267
46,M5+VOL6+VOL3,3,OR,0.5698383643253246,0.4014962593516209,0.9812734082397003,0.5985037406483791,10.502724040917485,2807,262,267
47,M5+M8+X5,3,OR,0.5697090608761619,0.4013678905687545,0.9812734082397003,0.5986321094312455,9.913902639096463,2778,262,267
48,M5+M8+V7,3,OR,0.5689284938756143,0.40059347181008903,0.9812734082397003,0.599406528189911,10.109461734499629,2696,262,267
49,M7+M6+V4,3,OR,0.5688260059787458,0.4236983842010772,0.8651685393258427,0.5763016157989228,9.605433974510758,1671,231,267
50,M5+VOL3+VOL4,3,OR,0.5688091074207364,0.4106529209621993,0.9250936329588015,0.5893470790378007,10.19438341563865,2328,247,267
51,M5+V7+V4,3,OR,0.5686523123394694,0.4022203245089667,0.9700374531835206,0.5977796754910333,10.139638243868262,2342,259,267
52,M5+VOL6+VOL4,3,OR,0.5682856932326694,0.3993375046006625,0.9850187265917603,0.6006624953993375,10.213885701393867,2717,263,267
53,M7+X5+M6,3,OR,0.5682534937598087,0.4005499541704858,0.9775280898876404,0.5994500458295142,9.83696009003805,2182,261,267
54,M5+VOL3+V4,3,OR,0.5682461439814049,0.41155555555555556,0.9176029962546817,0.5884444444444444,10.206832724669185,2250,245,267
55,M7+M8+V4,3,OR,0.5677605345716539,0.40262489415749364,0.9625468164794008,0.5973751058425063,9.693270945689665,2362,257,267
56,M5+V7+VOL3,3,OR,0.5672801518191739,0.3983451536643026,0.9850187265917603,0.6016548463356974,10.523548590952084,2538,263,267
57,M7+M6,2,OR,0.5660897534078725,0.45776566757493187,0.7415730337078652,0.5422343324250681,9.736054500084212,1101,198,267
58,M7+VOL4,2,OR,0.565805639683174,0.41607258587167856,0.8838951310861424,0.5839274141283215,9.701151872637745,1543,236,267
59,M7+VOL3+M6,3,OR,0.5648724453254597,0.4150641025641026,0.8838951310861424,0.5849358974358975,10.265594345325882,1872,236,267
60,M5+X5+VOL4,3,OR,0.5643601309489533,0.396078431372549,0.9812734082397003,0.6039215686274509,9.948258433484723,2550,262,267
61,M5+X5+V4,3,OR,0.5638165671506077,0.3955431754874652,0.9812734082397003,0.6044568245125348,9.866074445146038,2513,262,267
62,M5+X5+VOL3,3,OR,0.5633577372561502,0.3957021118932938,0.9775280898876404,0.6042978881067061,10.274482140991019,2699,261,267
63,M7+M8+VOL3,3,OR,0.562506173245975,0.3986513288377628,0.9550561797752809,0.6013486711622372,10.089439535702686,2521,255,267
64,VOL6+M7,2,OR,0.5621605880778856,0.3945218644882268,0.9775280898876404,0.6054781355117732,10.247759951865874,2081,261,267
65,M7+V4,2,OR,0.5618566890078517,0.417765440666204,0.8576779026217228,0.582234559333796,9.562568190270744,1441,229,267
66,M7+V7+M6,3,OR,0.561787597852233,0.39858371269600407,0.951310861423221,0.601416287303996,10.172356226441192,1977,254,267
67,M5+VOL6+V7,3,OR,0.561404734051531,0.3913978494623656,0.9925093632958801,0.6086021505376344,10.432092797950137,2790,265,267
68,VOL6+M7+V4,3,OR,0.5602597740185828,0.3914563106796117,0.9850187265917603,0.6085436893203884,10.118782147684263,2575,263,267
69,VOL6+M7+M8,3,OR,0.5594047303286046,0.39121411276374957,0.9812734082397003,0.6087858872362504,10.128163008942101,2891,262,267
70,M7+M8+X5,3,OR,0.5593939853041436,0.3918020679468242,0.9775280898876404,0.6081979320531757,9.854514162263415,2708,261,267
71,M7+V4+VOL4,3,OR,0.5589583229926706,0.4011684518013632,0.9213483146067416,0.5988315481986368,9.708977165211344,2054,246,267
72,M8+M6+V4,3,OR,0.5577699088205643,0.39455095862764883,0.951310861423221,0.6054490413723511,9.805225876358772,1982,254,267
73,M7+X5,2,OR,0.5574343073025917,0.39048106448311154,0.9737827715355806,0.6095189355168884,9.824982597580142,1954,260,267
74,M7+VOL3,2,OR,0.5560474097749368,0.4080145719489982,0.8726591760299626,0.5919854280510018,10.34245471065889,1647,233,267
75,VOL6+M7+VOL4,3,OR,0.5558357072564355,0.387731919727376,0.9812734082397003,0.612268080272624,10.178750103357704,2641,262,267
76,VOL6+M7+VOL3,3,OR,0.5557535312623004,0.38823959094229366,0.9775280898876404,0.6117604090577063,10.491638376814613,2738,261,267
77,M8+M6,2,OR,0.5554082633010043,0.40185581727337616,0.898876404494382,0.5981441827266238,9.74338305267859,1401,240,267
78,M8+M6+VOL4,3,OR,0.555214634288887,0.39460020768431986,0.9363295880149812,0.6053997923156802,9.980605354450049,1926,250,267
79,M7+VOL3,2,WEIGHTED,0.5549351160047189,0.4563445867287544,0.7078651685393258,0.5436554132712457,9.712207324951576,859,189,267
80,M7+X5,2,WEIGHTED,0.5549351160047189,0.4563445867287544,0.7078651685393258,0.5436554132712457,9.712207324951576,859,189,267
81,M7+VOL4,2,WEIGHTED,0.5549351160047189,0.4563445867287544,0.7078651685393258,0.5436554132712457,9.712207324951576,859,189,267
82,M7+M6,2,WEIGHTED,0.5549351160047189,0.4563445867287544,0.7078651685393258,0.5436554132712457,9.712207324951576,859,189,267
83,VOL6+M7,2,WEIGHTED,0.5549351160047189,0.4563445867287544,0.7078651685393258,0.5436554132712457,9.712207324951576,859,189,267
84,M7+V7,2,WEIGHTED,0.5549351160047189,0.4563445867287544,0.7078651685393258,0.5436554132712457,9.712207324951576,859,189,267
85,M7+M8,2,WEIGHTED,0.5549351160047189,0.4563445867287544,0.7078651685393258,0.5436554132712457,9.712207324951576,859,189,267
86,M7+V4,2,WEIGHTED,0.5549351160047189,0.4563445867287544,0.7078651685393258,0.5436554132712457,9.712207324951576,859,189,267
87,M7+VOL3+V4,3,OR,0.5549162860304223,0.39771689497716894,0.9176029962546817,0.602283105022831,10.162161689683277,2190,245,267
88,M7+V7+VOL4,3,OR,0.5542624385126934,0.3879711986446421,0.9700374531835206,0.6120288013553579,10.092325101712708,2361,259,267
89,M7+M8+V7,3,OR,0.5540779769945212,0.3871951219512195,0.9737827715355806,0.6128048780487805,10.058732957585141,2624,260,267
90,M5+VOL6+X5,3,OR,0.5536432788834394,0.38560157790927024,0.9812734082397003,0.6143984220907298,10.261232842953925,3042,262,267
91,M7+X5+V4,3,OR,0.5529493872309539,0.384928716904277,0.9812734082397003,0.615071283095723,9.814881604175035,2455,262,267
92,M7+VOL3+VOL4,3,OR,0.5528133249496596,0.396260017809439,0.9138576779026217,0.603739982190561,10.115067544379373,2246,244,267
93,M7+V7+V4,3,OR,0.5527728541635578,0.38711091626479616,0.9662921348314607,0.6128890837352039,10.104256719156387,2281,258,267
94,M7+X5+VOL4,3,OR,0.5527034917669041,0.38526912181303113,0.9775280898876404,0.6147308781869688,9.868943883471864,2471,261,267
95,VOL6+M6+V4,3,OR,0.5515243894706675,0.3835489833641405,0.9812734082397003,0.6164510166358595,10.22239558084912,2164,262,267
96,M7+V7,2,OR,0.5513608679101637,0.38879456706281834,0.947565543071161,0.6112054329371817,10.287820319260561,1767,253,267
97,M7+X5+VOL3,3,OR,0.5506483901602696,0.38385376999238385,0.9737827715355806,0.6161462300076161,10.220962125886947,2626,260,267
98,M8+VOL3+M6,3,OR,0.5505445388073699,0.3879832324173265,0.947565543071161,0.6120167675826735,10.257490382389205,2147,253,267
99,M5+V7+X5,3,OR,0.5497892304297841,0.38075017692852087,0.9887640449438202,0.6192498230714791,10.160648479869707,2826,264,267
100,M7+V7+VOL3,3,OR,0.5483755160653384,0.3816483962647178,0.9737827715355806,0.6183516037352822,10.497920236838759,2463,260,267
101,M6+V4+VOL4,3,OR,0.5470169475798623,0.39384979302188056,0.8951310861423221,0.6061502069781195,9.812449403771446,1691,239,267
102,VOL3+M6+V4,3,OR,0.546513819145213,0.3918992884510126,0.9026217228464419,0.6081007115489874,10.307033413517253,1827,241,267
103,VOL6+VOL3+M6,3,OR,0.5464329315269827,0.3803418803418803,0.9700374531835206,0.6196581196581197,10.63989588379712,2340,259,267
104,VOL6+M7+V7,3,OR,0.5464187777093223,0.37752478883584284,0.9887640449438202,0.6224752111641572,10.415605559835946,2723,264,267
105,VOL6+M8+M6,3,OR,0.5452761502937338,0.3786525974025974,0.9737827715355806,0.6213474025974026,10.285035732677596,2464,260,267
106,V7+M6+V4,3,OR,0.5438898294285767,0.3802055164954029,0.9550561797752809,0.6197944835045971,10.205420985683439,1849,255,267
107,VOL6+M7+X5,3,OR,0.5428024040395013,0.3757147662293979,0.9775280898876404,0.6242852337706021,10.239446408247348,2973,261,267
108,M6+V4,2,OR,0.5418233597429626,0.41325536062378165,0.7865168539325843,0.5867446393762183,9.607266171633698,1026,210,267
109,VOL6+M6,2,OR,0.5414749287330237,0.3802469135802469,0.9400749063670412,0.6197530864197531,10.447102820699142,1620,251,267
110,X5+M6+V4,3,OR,0.5413072004913868,0.37373737373737376,0.9812734082397003,0.6262626262626263,9.898105582876283,2079,262,267
111,M8+X5+M6,3,OR,0.5410320791848844,0.37683664649956783,0.9588014981273408,0.6231633535004322,9.989464986694514,2314,256,267
112,M8+V7+M6,3,OR,0.5397865645447681,0.37505752416014726,0.9625468164794008,0.6249424758398527,10.204821687387104,2173,257,267
113,VOL6+M6+VOL4,3,OR,0.5390611728732941,0.3755029056772463,0.9550561797752809,0.6244970943227537,10.335459467174283,2237,255,267
114,V7+M6+VOL4,3,OR,0.5384048735427897,0.3760330578512397,0.947565543071161,0.6239669421487604,10.231847865707598,1936,253,267
115,VOL3+M6+VOL4,3,OR,0.5384020574447792,0.3856763925729443,0.8913857677902621,0.6143236074270557,10.31242348384254,1885,238,267
116,M8+V4+VOL4,3,OR,0.5382478320341031,0.37587986860628814,0.947565543071161,0.6241201313937119,9.991298930076702,2131,253,267
117,X5+VOL3+M6,3,OR,0.5365591759501823,0.3719485130936529,0.9625468164794008,0.628051486906347,10.369548919955108,2253,257,267
118,VOL3+M6,2,OR,0.5363584888398762,0.3975806451612903,0.8239700374531835,0.6024193548387097,10.631539874781273,1240,220,267
119,VOL6+VOL3+V4,3,OR,0.536156596282616,0.36937647987371747,0.9775280898876404,0.6306235201262825,10.620523720608617,2534,261,267
120,M7+V7+X5,3,OR,0.5360629547356899,0.36822973464194836,0.9850187265917603,0.6317702653580516,10.114490325975495,2751,263,267
121,M8+VOL3+V4,3,OR,0.5354230888387447,0.3714165261382799,0.9588014981273408,0.6285834738617201,10.311555327065648,2372,256,267
122,V7+VOL3+M6,3,OR,0.5353596202235397,0.372491434165443,0.951310861423221,0.627508565834557,10.68011025997903,2043,254,267
123,M8+V4,2,OR,0.5352899704937724,0.37477148080438755,0.9363295880149812,0.6252285191956124,9.854155610104534,1641,250,267
124,M6+VOL4,2,OR,0.5350717136596534,0.4015817223198594,0.8014981273408239,0.5984182776801406,9.838150507101311,1138,214,267
125,X5+M6+VOL4,3,OR,0.5348967715581032,0.3703527168732126,0.9625468164794008,0.6296472831267874,10.009543587800174,2098,257,267
126,VOL6+M8+V4,3,OR,0.533893504531722,0.3672316384180791,0.9775280898876404,0.632768361581921,10.302282121248998,2655,261,267
127,X5+M6,2,OR,0.5310843879956162,0.3706614276358874,0.9363295880149812,0.6293385723641126,9.948518242595593,1527,250,267
128,VOL6+V4,2,OR,0.5310790132438237,0.3656267104542967,0.9700374531835206,0.6343732895457034,10.375519175981905,1827,259,267
129,VOL6+V4+VOL4,3,OR,0.5296566843082561,0.3642797668609492,0.9700374531835206,0.6357202331390508,10.318865328855205,2402,259,267
130,VOL6+V7+M6,3,OR,0.5295606887756704,0.36525612472160357,0.9625468164794008,0.6347438752783965,10.582400103713464,2245,257,267
131,V7+VOL3+V4,3,OR,0.5291453940066593,0.3627537511032657,0.9775280898876404,0.6372462488967343,10.634080542853447,2266,261,267
132,M8+V7+V4,3,OR,0.5284178187403994,0.36363636363636365,0.9662921348314607,0.6363636363636364,10.31418866522331,2387,258,267
133,V7+V4+VOL4,3,OR,0.5278562259306804,0.36363636363636365,0.9625468164794008,0.6363636363636364,10.284264158454658,2123,257,267
134,VOL3+V4+VOL4,3,OR,0.5272057343889864,0.36864813039309685,0.9250936329588015,0.6313518696069031,10.315986102509548,2086,247,267
135,M8+X5+V4,3,OR,0.5261471868236618,0.36096786989289964,0.9700374531835206,0.6390321301071004,10.039164487010657,2521,259,267
136,VOL6+M8+VOL3,3,OR,0.525987525987526,0.3640287769784173,0.947565543071161,0.6359712230215827,10.62644405338078,2780,253,267
137,V7+M6,2,OR,0.5258742684031212,0.37294761532447224,0.8913857677902621,0.6270523846755277,10.503259883386345,1279,238,267
138,VOL6+V7+V4,3,OR,0.5256679991584263,0.3584905660377358,0.9850187265917603,0.6415094339622641,10.592639363500732,2438,263,267
139,VOL6+X5+M6,3,OR,0.5247004863654117,0.3611764705882353,0.9588014981273408,0.6388235294117647,10.370722638391538,2550,256,267
140,X5+VOL3+V4,3,OR,0.5230790334011568,0.35757822023567654,0.9737827715355806,0.6424217797643235,10.378557734216097,2461,260,267
141,M5+M7+M6,3,WEIGHTED,0.5224217583104658,0.4630541871921182,0.599250936329588,0.5369458128078818,10.191808764474908,609,160,267
142,M5+M7+M6,3,MAJORITY,0.5224217583104658,0.4630541871921182,0.599250936329588,0.5369458128078818,10.191808764474908,609,160,267
143,VOL6+M8+VOL4,3,OR,0.5218579602827331,0.36229635376260666,0.9325842696629213,0.6377036462373933,10.472339806143143,2578,249,267
144,VOL3+V4,2,OR,0.5217116899823123,0.37207748830995324,0.8726591760299626,0.6279225116900468,10.481138854962744,1497,233,267
145,M8+VOL3+VOL4,3,OR,0.5196776839717246,0.367382726874178,0.8876404494382022,0.632617273125822,10.40770679739305,2281,237,267
146,VOL6+VOL3+VOL4,3,OR,0.5185634342154213,0.35968688845401176,0.9288389513108615,0.6403131115459882,10.667322930114244,2555,248,267
147,M8+V7+VOL3,3,OR,0.5184955308577139,0.35742496050552924,0.9438202247191011,0.6425750394944708,10.602968265157148,2532,252,267
148,M8+VOL3,2,OR,0.5182153827681778,0.36786703601108034,0.8764044943820225,0.6321329639889197,10.40553249205471,1805,234,267
149,VOL6+X5+V4,3,OR,0.5176501213242471,0.35203520352035206,0.9775280898876404,0.647964796479648,10.37582170191174,2727,261,267
150,V4+VOL4,2,OR,0.5176065331437704,0.37064492216456635,0.8576779026217228,0.6293550778354337,9.822168376121668,1349,229,267
151,X5+V4+VOL4,3,OR,0.5174289224528557,0.35381263616557734,0.9625468164794008,0.6461873638344227,10.016740338440592,2295,257,267
152,M8+X5+VOL3,3,OR,0.5169322049611295,0.35924528301886793,0.9213483146067416,0.6407547169811321,10.37053590478625,2650,246,267
153,VOL6+M8,2,OR,0.5169121301697753,0.3586597451628126,0.9250936329588015,0.6413402548371874,10.432119989155892,2119,247,267
154,VOL6+VOL3,2,OR,0.5169071891963458,0.36095856215676486,0.9101123595505618,0.6390414378432352,10.881352824918539,2003,243,267
155,V7+X5+M6,3,OR,0.5167149753681196,0.3531453362255965,0.9625468164794008,0.6468546637744035,10.208845353526094,2305,257,267
156,M8+V7+VOL4,3,OR,0.5163435905750515,0.3586769759450172,0.9213483146067416,0.6413230240549829,10.37515754395704,2328,246,267
157,V7+V4,2,OR,0.5160668281911305,0.35784635587655944,0.9250936329588015,0.6421536441234406,10.439102371278643,1523,247,267
158,VOL6+V7+VOL3,3,OR,0.5158100742746201,0.35541008856372736,0.9400749063670412,0.6445899114362726,10.898873367693362,2597,251,267
159,M8+VOL4,2,OR,0.5150086565907069,0.3708149084017688,0.8426966292134831,0.6291850915982312,10.04469028825402,1583,225,267
160,VOL6+M8+V7,3,OR,0.5134790278657921,0.3521545319465082,0.947565543071161,0.6478454680534919,10.601250972931991,2692,253,267
161,M8+X5+VOL4,3,OR,0.5129350089872555,0.35767634854771785,0.9063670411985019,0.6423236514522822,10.168335839539026,2410,242,267
162,M5+M7+V4,3,MAJORITY,0.5126912515905921,0.4663299663299663,0.5692883895131086,0.5336700336700336,10.09623439873087,594,152,267
163,M5+M7+V4,3,WEIGHTED,0.5126912515905921,0.4663299663299663,0.5692883895131086,0.5336700336700336,10.09623439873087,594,152,267
164,V7+VOL3+VOL4,3,OR,0.5121025002588326,0.35571923743500866,0.9138576779026217,0.6442807625649913,10.599404514323869,2308,244,267
165,X5+V4,2,OR,0.5098725236096451,0.34877072612921667,0.947565543071161,0.6512292738707833,9.952417748004331,1749,253,267
166,VOL6+X5+VOL3,3,OR,0.5092288129193174,0.3507670850767085,0.9288389513108615,0.6492329149232915,10.669709804183842,2868,248,267
167,VOL6+M8+X5,3,OR,0.5089111150608348,0.3504656778199379,0.9288389513108615,0.6495343221800621,10.412647754675305,2899,248,267
168,VOL6+V7+VOL4,3,OR,0.5081736252431961,0.3503006012024048,0.9250936329588015,0.6496993987975952,10.63700995333466,2495,247,267
169,V7+X5+V4,3,OR,0.5077337468881361,0.34292565947242204,0.9775280898876404,0.657074340527578,10.275070305703753,2502,261,267
170,X5+VOL3+VOL4,3,OR,0.5077308387412285,0.35096350963509637,0.9176029962546817,0.6490364903649036,10.402912979067224,2439,245,267
171,M5+M7+V7,3,WEIGHTED,0.5070116531700574,0.4594594594594595,0.5655430711610487,0.5405405405405406,10.238732534857633,555,151,267
172,M5+M7+V7,3,MAJORITY,0.5070116531700574,0.4594594594594595,0.5655430711610487,0.5405405405405406,10.238732534857633,555,151,267
173,M8+V7,2,OR,0.5063305136285731,0.35185185185185186,0.9026217228464419,0.6481481481481481,10.388856883397768,1836,241,267
174,M8+X5,2,OR,0.5059154360999867,0.35377597567156616,0.8876404494382022,0.6462240243284338,10.038792182802887,1973,237,267
175,VOL6+VOL4,2,OR,0.5054411470680643,0.35331230283911674,0.8876404494382022,0.6466876971608833,10.48844425073459,1902,237,267
176,VOL6+M8,2,WEIGHTED,0.5040622820411318,0.37087378640776697,0.7865168539325843,0.629126213592233,9.759010471573681,1030,210,267
177,M8+VOL3,2,WEIGHTED,0.5040622820411318,0.37087378640776697,0.7865168539325843,0.629126213592233,9.759010471573681,1030,210,267
178,M8+VOL4,2,WEIGHTED,0.5040622820411318,0.37087378640776697,0.7865168539325843,0.629126213592233,9.759010471573681,1030,210,267
179,M8+V4,2,WEIGHTED,0.5040622820411318,0.37087378640776697,0.7865168539325843,0.629126213592233,9.759010471573681,1030,210,267
180,M8+V7,2,WEIGHTED,0.5040622820411318,0.37087378640776697,0.7865168539325843,0.629126213592233,9.759010471573681,1030,210,267
181,M8+X5,2,WEIGHTED,0.5040622820411318,0.37087378640776697,0.7865168539325843,0.629126213592233,9.759010471573681,1030,210,267
182,M8+M6,2,WEIGHTED,0.5040622820411318,0.37087378640776697,0.7865168539325843,0.629126213592233,9.759010471573681,1030,210,267
183,M8+V7+X5,3,OR,0.5022615270370621,0.3441894892672095,0.9288389513108615,0.6558105107327905,10.315749686286562,2702,248,267
184,X5+VOL3,2,OR,0.5018634941572917,0.3492475350285418,0.8913857677902621,0.6507524649714582,10.508244908260723,1927,238,267
185,M5+M7+VOL3,3,WEIGHTED,0.5011616966531617,0.45233968804159447,0.5617977528089888,0.5476603119584056,10.337258592903755,577,150,267
186,M5+M7+VOL3,3,MAJORITY,0.5011616966531617,0.45233968804159447,0.5617977528089888,0.5476603119584056,10.337258592903755,577,150,267
187,V7+VOL3,2,OR,0.5007176484607463,0.34988317757009346,0.8801498127340824,0.6501168224299065,10.978102879002007,1712,235,267
188,V7+X5+VOL3,3,OR,0.5001631274778074,0.3407212622088655,0.9400749063670412,0.6592787377911344,10.544840432812187,2662,251,267
189,VOL6+X5+VOL4,3,OR,0.49974993939579243,0.34338235294117647,0.9176029962546817,0.6566176470588235,10.485990933277643,2720,245,267
190,VOL3+VOL4,2,OR,0.4976801037717023,0.36164736164736166,0.797752808988764,0.6383526383526383,10.483796928254964,1554,213,267
191,V7+VOL4,2,OR,0.4967872837594837,0.34965902045877245,0.8576779026217228,0.6503409795412275,10.423222384858214,1613,229,267
192,VOL6+V7,2,WEIGHTED,0.4955448801004644,0.3503184713375796,0.846441947565543,0.6496815286624203,10.746456329992085,1256,226,267
193,VOL6+X5,2,WEIGHTED,0.4955448801004644,0.3503184713375796,0.846441947565543,0.6496815286624203,10.746456329992085,1256,226,267
194,VOL6+M6,2,WEIGHTED,0.4955448801004644,0.3503184713375796,0.846441947565543,0.6496815286624203,10.746456329992085,1256,226,267
195,VOL6+VOL3,2,WEIGHTED,0.4955448801004644,0.3503184713375796,0.846441947565543,0.6496815286624203,10.746456329992085,1256,226,267
196,VOL6+VOL4,2,WEIGHTED,0.4955448801004644,0.3503184713375796,0.846441947565543,0.6496815286624203,10.746456329992085,1256,226,267
197,VOL6+V4,2,WEIGHTED,0.4955448801004644,0.3503184713375796,0.846441947565543,0.6496815286624203,10.746456329992085,1256,226,267
198,VOL6+V7,2,OR,0.4951223036891995,0.34275248560962845,0.8913857677902621,0.6572475143903715,10.861926610501456,1911,238,267
199,M5+M7,2,AND,0.49438124064989736,0.4537037037037037,0.5430711610486891,0.5462962962962963,10.282494547006742,540,145,267
200,M5+M7,2,SEQUENTIAL,0.49378593067913457,0.4726890756302521,0.5168539325842697,0.5273109243697479,8.769319005410637,476,138,267
201,V7+X5+VOL4,3,OR,0.4935760985251635,0.3375796178343949,0.9176029962546817,0.6624203821656051,10.293533656442785,2512,245,267
202,M5+M7+X5,3,MAJORITY,0.493484052127583,0.4423076923076923,0.5580524344569289,0.5576923076923077,10.165599513986612,572,149,267
203,M5+M7+X5,3,WEIGHTED,0.493484052127583,0.4423076923076923,0.5580524344569289,0.5576923076923077,10.165599513986612,572,149,267
204,M5+VOL6+M7,3,WEIGHTED,0.49327012151926325,0.4492753623188406,0.5468164794007491,0.5507246376811594,10.194340615811203,552,146,267
205,M5+VOL6+M7,3,MAJORITY,0.49327012151926325,0.4492753623188406,0.5468164794007491,0.5507246376811594,10.194340615811203,552,146,267
206,X5+VOL4,2,OR,0.49179745459865,0.3423728813559322,0.8726591760299626,0.6576271186440678,10.059214281045747,1770,233,267
207,VOL6+X5,2,OR,0.4913265801261067,0.3385862224223323,0.8951310861423221,0.6614137775776677,10.516098962889567,2221,239,267
208,VOL6+V7+X5,3,OR,0.49110572235270183,0.33428367783321455,0.9250936329588015,0.6657163221667854,10.570564673438605,2806,247,267
209,M5+M7+M8,3,MAJORITY,0.49010002319774026,0.44404332129963897,0.5468164794007491,0.555956678700361,10.272580017092212,554,146,267
210,M5+M7+M8,3,WEIGHTED,0.49010002319774026,0.44404332129963897,0.5468164794007491,0.555956678700361,10.272580017092212,554,146,267
211,M5+M7+VOL4,3,WEIGHTED,0.4877136252488676,0.44014084507042256,0.5468164794007491,0.5598591549295775,10.31901093012204,568,146,267
212,M5+M7+VOL4,3,MAJORITY,0.4877136252488676,0.44014084507042256,0.5468164794007491,0.5598591549295775,10.31901093012204,568,146,267
213,M6+V4,2,WEIGHTED,0.4842707340324118,0.38023952095808383,0.6666666666666666,0.6197604790419161,9.557842213405713,668,178,267
214,V4+VOL4,2,WEIGHTED,0.4842707340324118,0.38023952095808383,0.6666666666666666,0.6197604790419161,9.557842213405713,668,178,267
215,VOL3+V4,2,WEIGHTED,0.4842707340324118,0.38023952095808383,0.6666666666666666,0.6197604790419161,9.557842213405713,668,178,267
216,V7+V4,2,WEIGHTED,0.4842707340324118,0.38023952095808383,0.6666666666666666,0.6197604790419161,9.557842213405713,668,178,267
217,X5+V4,2,WEIGHTED,0.4842707340324118,0.38023952095808383,0.6666666666666666,0.6197604790419161,9.557842213405713,668,178,267
218,VOL3+M6,2,WEIGHTED,0.48103135165339556,0.4717948717948718,0.49063670411985016,0.5282051282051282,9.831586484463722,390,131,267
219,X5+M6,2,WEIGHTED,0.48103135165339556,0.4717948717948718,0.49063670411985016,0.5282051282051282,9.831586484463722,390,131,267
220,M6+VOL4,2,WEIGHTED,0.48103135165339556,0.4717948717948718,0.49063670411985016,0.5282051282051282,9.831586484463722,390,131,267
221,V7+M6,2,WEIGHTED,0.48103135165339556,0.4717948717948718,0.49063670411985016,0.5282051282051282,9.831586484463722,390,131,267
222,V7+X5,2,OR,0.47914138454510635,0.32662304982385504,0.898876404494382,0.673376950176145,10.356180318167556,1987,240,267
223,V7+X5,2,WEIGHTED,0.46857840833293457,0.33106382978723403,0.8014981273408239,0.668936170212766,9.994521383688484,1175,214,267
224,X5+VOL3,2,WEIGHTED,0.46857840833293457,0.33106382978723403,0.8014981273408239,0.668936170212766,9.994521383688484,1175,214,267
225,X5+VOL4,2,WEIGHTED,0.46857840833293457,0.33106382978723403,0.8014981273408239,0.668936170212766,9.994521383688484,1175,214,267
226,V7+VOL3,2,WEIGHTED,0.4611536537499519,0.36394557823129253,0.6292134831460674,0.6360544217687075,11.120674802771578,882,168,267
227,VOL3+VOL4,2,WEIGHTED,0.4611536537499519,0.36394557823129253,0.6292134831460674,0.6360544217687075,11.120674802771578,882,168,267
228,V7+VOL4,2,WEIGHTED,0.4574352116975044,0.3593350383631714,0.6292134831460674,0.6406649616368286,9.842926970326396,782,168,267
229,M5+M6,2,SEQUENTIAL,0.4467358900874173,0.48788927335640137,0.41198501872659177,0.5121107266435986,9.97006082153141,289,110,267
230,VOL6+V7+X5,3,WEIGHTED,0.4316863666397474,0.35502958579881655,0.550561797752809,0.6449704142011834,10.537652000371299,507,147,267
231,VOL6+V7+X5,3,MAJORITY,0.4316863666397474,0.35502958579881655,0.550561797752809,0.6449704142011834,10.537652000371299,507,147,267
232,VOL6+M8,2,SEQUENTIAL,0.42448371565124093,0.38085539714867617,0.4794007490636704,0.6191446028513238,10.003374696788676,491,128,267
233,M7+M6,2,SEQUENTIAL,0.41823504809703055,0.4734848484848485,0.37453183520599254,0.5265151515151515,9.849656547866267,264,100,267
234,VOL6+X5+VOL4,3,MAJORITY,0.412359022556391,0.3576158940397351,0.4868913857677903,0.6423841059602649,8.924310608170257,453,130,267
235,VOL6+X5+VOL4,3,WEIGHTED,0.412359022556391,0.3576158940397351,0.4868913857677903,0.6423841059602649,8.924310608170257,453,130,267
236,VOL6+M8+X5,3,WEIGHTED,0.41181974380348063,0.34563106796116505,0.5093632958801498,0.654368932038835,9.481560102363188,515,136,267
237,VOL6+M8+X5,3,MAJORITY,0.41181974380348063,0.34563106796116505,0.5093632958801498,0.654368932038835,9.481560102363188,515,136,267
238,VOL6+X5,2,SEQUENTIAL,0.40957030938362615,0.34774774774774775,0.49812734082397003,0.6522522522522523,10.402345679012347,555,133,267
239,VOL6+M8+V7,3,WEIGHTED,0.4070211610504128,0.34232365145228216,0.50187265917603,0.6576763485477178,9.97064588318458,482,134,267
240,VOL6+M8+V7,3,MAJORITY,0.4070211610504128,0.34232365145228216,0.50187265917603,0.6576763485477178,9.97064588318458,482,134,267
241,M7+M6+V4,3,MAJORITY,0.3986806024718833,0.504424778761062,0.3295880149812734,0.49557522123893805,9.867951220892397,226,88,267
242,M7+M6+V4,3,WEIGHTED,0.3986806024718833,0.504424778761062,0.3295880149812734,0.49557522123893805,9.867951220892397,226,88,267
243,M7+VOL3+M6,3,WEIGHTED,0.39558487213895555,0.4713114754098361,0.3408239700374532,0.5286885245901639,9.380067057698636,244,91,267
244,M7+VOL3+M6,3,MAJORITY,0.39558487213895555,0.4713114754098361,0.3408239700374532,0.5286885245901639,9.380067057698636,244,91,267
245,M8+X5+VOL4,3,WEIGHTED,0.3946245772266065,0.3300395256916996,0.49063670411985016,0.6699604743083004,8.779408912132025,506,131,267
246,M8+X5+VOL4,3,MAJORITY,0.3946245772266065,0.3300395256916996,0.49063670411985016,0.6699604743083004,8.779408912132025,506,131,267
247,VOL6+V7+VOL4,3,MAJORITY,0.3919418939290119,0.32798165137614677,0.4868913857677903,0.6720183486238532,10.095940224397399,436,130,267
248,VOL6+V7+VOL4,3,WEIGHTED,0.3919418939290119,0.32798165137614677,0.4868913857677903,0.6720183486238532,10.095940224397399,436,130,267
249,VOL6+M8+VOL4,3,MAJORITY,0.38658555937582656,0.33705357142857145,0.45318352059925093,0.6629464285714286,8.625186153790272,448,121,267
250,VOL6+M8+VOL4,3,WEIGHTED,0.38658555937582656,0.33705357142857145,0.45318352059925093,0.6629464285714286,8.625186153790272,448,121,267
251,M8+VOL3+VOL4,3,WEIGHTED,0.37788677968747975,0.3605263157894737,0.3970037453183521,0.6394736842105263,8.964158080386152,380,106,267
252,M8+VOL3+VOL4,3,MAJORITY,0.37788677968747975,0.3605263157894737,0.3970037453183521,0.6394736842105263,8.964158080386152,380,106,267
253,V7+X5+VOL4,3,MAJORITY,0.37676595622861886,0.3554913294797688,0.40074906367041196,0.6445086705202312,9.970953701345856,346,107,267
254,V7+X5+VOL4,3,WEIGHTED,0.37676595622861886,0.3554913294797688,0.40074906367041196,0.6445086705202312,9.970953701345856,346,107,267
255,M8+X5,2,SEQUENTIAL,0.37528307990941445,0.33029612756264237,0.4344569288389513,0.6697038724373576,10.297398073584864,439,116,267
256,M5+VOL6,2,SEQUENTIAL,0.3743876533576105,0.3670520231213873,0.38202247191011235,0.6329479768786127,10.72138917727153,346,102,267
257,M8+V7+X5,3,WEIGHTED,0.3721178669990207,0.3392857142857143,0.41198501872659177,0.6607142857142857,9.375181916848582,392,110,267
258,M8+V7+X5,3,MAJORITY,0.3721178669990207,0.3392857142857143,0.41198501872659177,0.6607142857142857,9.375181916848582,392,110,267
259,VOL6+X5+VOL3,3,WEIGHTED,0.37081150893305587,0.327710843373494,0.42696629213483145,0.672289156626506,10.138690476190478,415,114,267
260,VOL6+X5+VOL3,3,MAJORITY,0.37081150893305587,0.327710843373494,0.42696629213483145,0.672289156626506,10.138690476190478,415,114,267
261,M7+X5,2,SEQUENTIAL,0.3647820163487738,0.3490304709141274,0.38202247191011235,0.6509695290858726,9.530638464848991,361,102,267
262,VOL6+M7+V7,3,WEIGHTED,0.3624851993158795,0.34185303514376997,0.3857677902621723,0.65814696485623,10.713782151037053,313,103,267
263,VOL6+M7+V7,3,MAJORITY,0.3624851993158795,0.34185303514376997,0.3857677902621723,0.65814696485623,10.713782151037053,313,103,267
264,VOL6+V7+V4,3,MAJORITY,0.36165891371290043,0.3116883116883117,0.4307116104868914,0.6883116883116883,9.892958049575697,385,115,267
265,VOL6+V7+V4,3,WEIGHTED,0.36165891371290043,0.3116883116883117,0.4307116104868914,0.6883116883116883,9.892958049575697,385,115,267
266,M5+VOL3+V4,3,WEIGHTED,0.3612031542986309,0.4635416666666667,0.2958801498127341,0.5364583333333334,9.209759993093325,192,79,267
267,M5+VOL3+V4,3,MAJORITY,0.3612031542986309,0.4635416666666667,0.2958801498127341,0.5364583333333334,9.209759993093325,192,79,267
268,M8+V7+VOL4,3,MAJORITY,0.3601745666808927,0.3377659574468085,0.3857677902621723,0.6622340425531915,9.14973026247536,376,103,267
269,M8+V7+VOL4,3,WEIGHTED,0.3601745666808927,0.3377659574468085,0.3857677902621723,0.6622340425531915,9.14973026247536,376,103,267
270,VOL6+VOL3,2,SEQUENTIAL,0.3591679530483425,0.36656891495601174,0.352059925093633,0.6334310850439883,11.352484288601756,341,94,267
271,V7+X5,2,SEQUENTIAL,0.3590987574547419,0.31185031185031187,0.4232209737827715,0.6881496881496881,10.004828142083044,481,113,267
272,V7+X5+VOL3,3,MAJORITY,0.3587439296268773,0.3543046357615894,0.36329588014981273,0.6456953642384106,11.47514245014245,302,97,267
273,V7+X5+VOL3,3,WEIGHTED,0.3587439296268773,0.3543046357615894,0.36329588014981273,0.6456953642384106,11.47514245014245,302,97,267
274,VOL6+V7+M6,3,MAJORITY,0.3583837595159087,0.3375,0.38202247191011235,0.6625,11.05940355940356,320,102,267
275,VOL6+V7+M6,3,WEIGHTED,0.3583837595159087,0.3375,0.38202247191011235,0.6625,11.05940355940356,320,102,267
276,VOL6+V7+VOL3,3,MAJORITY,0.3571789538013139,0.30324074074074076,0.4344569288389513,0.6967592592592593,10.96413139329806,432,116,267
277,VOL6+V7+VOL3,3,WEIGHTED,0.3571789538013139,0.30324074074074076,0.4344569288389513,0.6967592592592593,10.96413139329806,432,116,267
278,VOL6+M8+VOL3,3,WEIGHTED,0.3570544290288154,0.335149863760218,0.38202247191011235,0.6648501362397821,9.811308542010298,367,102,267
279,VOL6+M8+VOL3,3,MAJORITY,0.3570544290288154,0.335149863760218,0.38202247191011235,0.6648501362397821,9.811308542010298,367,102,267
280,M7+M6+VOL4,3,MAJORITY,0.35630757169922256,0.43162393162393164,0.30337078651685395,0.5683760683760684,10.609844476511144,234,81,267
281,M7+M6+VOL4,3,WEIGHTED,0.35630757169922256,0.43162393162393164,0.30337078651685395,0.5683760683760684,10.609844476511144,234,81,267
282,X5+VOL3+VOL4,3,WEIGHTED,0.3561277237066355,0.34584450402144773,0.36704119850187267,0.6541554959785523,9.46552028218695,373,98,267
283,X5+VOL3+VOL4,3,MAJORITY,0.3561277237066355,0.34584450402144773,0.36704119850187267,0.6541554959785523,9.46552028218695,373,98,267
284,M5+V4+VOL4,3,WEIGHTED,0.3557546454304133,0.4460093896713615,0.2958801498127341,0.5539906103286385,8.970857972818756,213,79,267
285,M5+V4+VOL4,3,MAJORITY,0.3557546454304133,0.4460093896713615,0.2958801498127341,0.5539906103286385,8.970857972818756,213,79,267
286,M8+X5+VOL3,3,WEIGHTED,0.3549585817140203,0.3234567901234568,0.39325842696629215,0.6765432098765433,9.342887976221311,405,105,267
287,M8+X5+VOL3,3,MAJORITY,0.3549585817140203,0.3234567901234568,0.39325842696629215,0.6765432098765433,9.342887976221311,405,105,267
288,M7+V7+M6,3,WEIGHTED,0.35051227925655154,0.47668393782383417,0.27715355805243447,0.5233160621761658,9.807960249626916,193,74,267
289,M7+V7+M6,3,MAJORITY,0.35051227925655154,0.47668393782383417,0.27715355805243447,0.5233160621761658,9.807960249626916,193,74,267
290,M7+V4+VOL4,3,MAJORITY,0.34943672679521737,0.4266666666666667,0.2958801498127341,0.5733333333333334,8.784395640097394,225,79,267
291,M7+V4+VOL4,3,WEIGHTED,0.34943672679521737,0.4266666666666667,0.2958801498127341,0.5733333333333334,8.784395640097394,225,79,267
292,M7+VOL3+V4,3,WEIGHTED,0.3492566598747264,0.43414634146341463,0.29213483146067415,0.5658536585365853,8.809327709327711,205,78,267
293,M7+VOL3+V4,3,MAJORITY,0.3492566598747264,0.43414634146341463,0.29213483146067415,0.5658536585365853,8.809327709327711,205,78,267
294,M5+M6+V4,3,WEIGHTED,0.3476887596510579,0.47738693467336685,0.27340823970037453,0.5226130653266332,10.237938912938912,199,73,267
295,M5+M6+V4,3,MAJORITY,0.3476887596510579,0.47738693467336685,0.27340823970037453,0.5226130653266332,10.237938912938912,199,73,267
296,M5+VOL3+M6,3,MAJORITY,0.3466623669783941,0.45263157894736844,0.2808988764044944,0.5473684210526316,9.052777777777777,190,75,267
297,M5+VOL3+M6,3,WEIGHTED,0.3466623669783941,0.45263157894736844,0.2808988764044944,0.5473684210526316,9.052777777777777,190,75,267
298,VOL6+VOL3+VOL4,3,WEIGHTED,0.3464284055188219,0.34097421203438394,0.352059925093633,0.6590257879656161,9.983969470979273,349,94,267
299,VOL6+VOL3+VOL4,3,MAJORITY,0.3464284055188219,0.34097421203438394,0.352059925093633,0.6590257879656161,9.983969470979273,349,94,267
300,VOL6+M7+M6,3,WEIGHTED,0.34554946352212806,0.4587628865979381,0.27715355805243447,0.5412371134020618,9.917328042328043,194,74,267
301,VOL6+M7+M6,3,MAJORITY,0.34554946352212806,0.4587628865979381,0.27715355805243447,0.5412371134020618,9.917328042328043,194,74,267
302,VOL6+X5+V4,3,WEIGHTED,0.34553164755771953,0.3206997084548105,0.37453183520599254,0.6793002915451894,8.911592111592112,343,100,267
303,VOL6+X5+V4,3,MAJORITY,0.34553164755771953,0.3206997084548105,0.37453183520599254,0.6793002915451894,8.911592111592112,343,100,267
304,M5+VOL6+V7,3,MAJORITY,0.34541609468333767,0.3356164383561644,0.35580524344569286,0.6643835616438356,10.813017229683897,292,95,267
305,M5+VOL6+V7,3,WEIGHTED,0.34541609468333767,0.3356164383561644,0.35580524344569286,0.6643835616438356,10.813017229683897,292,95,267
306,M7+V7,2,SEQUENTIAL,0.34346757351174523,0.3423728813559322,0.3445692883895131,0.6576271186440678,10.676479076479076,295,92,267
307,M5+M8+V4,3,MAJORITY,0.3399895208709321,0.449438202247191,0.27340823970037453,0.550561797752809,9.092573167573168,178,73,267
308,M5+M8+V4,3,WEIGHTED,0.3399895208709321,0.449438202247191,0.27340823970037453,0.550561797752809,9.092573167573168,178,73,267
309,M5+X5+V4,3,WEIGHTED,0.339178465471912,0.39732142857142855,0.2958801498127341,0.6026785714285714,9.179766221432889,224,79,267
310,M5+X5+V4,3,MAJORITY,0.339178465471912,0.39732142857142855,0.2958801498127341,0.6026785714285714,9.179766221432889,224,79,267
311,M5+M7+M6,3,SEQUENTIAL,0.33816425120772947,0.47619047619047616,0.26217228464419473,0.5238095238095238,8.933261183261182,168,70,267
312,M5+VOL6+X5,3,WEIGHTED,0.33766787465359194,0.34615384615384615,0.3295880149812734,0.6538461538461539,9.095238711905377,286,88,267
313,M5+VOL6+X5,3,MAJORITY,0.33766787465359194,0.34615384615384615,0.3295880149812734,0.6538461538461539,9.095238711905377,286,88,267
314,M8+X5+V4,3,WEIGHTED,0.33743706462514655,0.32087227414330216,0.35580524344569286,0.6791277258566978,8.371806298276887,321,95,267
315,M8+X5+V4,3,MAJORITY,0.33743706462514655,0.32087227414330216,0.35580524344569286,0.6791277258566978,8.371806298276887,321,95,267
316,M7+M8,2,SEQUENTIAL,0.33687732907445433,0.31129476584022037,0.36704119850187267,0.6887052341597796,9.17943094916779,363,98,267
317,M5+V7,2,SEQUENTIAL,0.3368146214099217,0.35294117647058826,0.32209737827715357,0.6470588235294118,11.051346801346801,272,86,267
318,M7+M8+VOL4,3,MAJORITY,0.3355089432514573,0.33035714285714285,0.3408239700374532,0.6696428571428571,8.638295038295038,336,91,267
319,M7+M8+VOL4,3,WEIGHTED,0.3355089432514573,0.33035714285714285,0.3408239700374532,0.6696428571428571,8.638295038295038,336,91,267
320,VOL6+M7+X5,3,MAJORITY,0.33482432724911626,0.32903225806451614,0.3408239700374532,0.6709677419354839,8.84555876222543,310,91,267
321,VOL6+M7+X5,3,WEIGHTED,0.33482432724911626,0.32903225806451614,0.3408239700374532,0.6709677419354839,8.84555876222543,310,91,267
322,M8+VOL4,2,SEQUENTIAL,0.33427124366910527,0.37218045112781956,0.30337078651685395,0.6278195488721805,10.196013708513709,266,81,267
323,M7+M8+M6,3,WEIGHTED,0.333512228781722,0.41037735849056606,0.2808988764044944,0.589622641509434,10.26151811151811,212,75,267
324,M7+M8+M6,3,MAJORITY,0.333512228781722,0.41037735849056606,0.2808988764044944,0.589622641509434,10.26151811151811,212,75,267
325,V7+X5+V4,3,MAJORITY,0.33320125038524195,0.34509803921568627,0.32209737827715357,0.6549019607843137,9.809900593233927,255,86,267
326,V7+X5+V4,3,WEIGHTED,0.33320125038524195,0.34509803921568627,0.32209737827715357,0.6549019607843137,9.809900593233927,255,86,267
327,M5+V4,2,SEQUENTIAL,0.3324173625376837,0.45408163265306123,0.26217228464419473,0.5459183673469388,9.955899111781465,196,70,267
328,M8+V7,2,SEQUENTIAL,0.33238608525232727,0.30903790087463556,0.3595505617977528,0.6909620991253644,11.275827467739232,343,96,267
329,VOL6+X5+M6,3,MAJORITY,0.3323531882718642,0.34328358208955223,0.32209737827715357,0.6567164179104478,9.269648869648869,268,86,267
330,VOL6+X5+M6,3,WEIGHTED,0.3323531882718642,0.34328358208955223,0.32209737827715357,0.6567164179104478,9.269648869648869,268,86,267
331,VOL6+V7,2,AND,0.3307565581041693,0.3358208955223881,0.3258426966292135,0.664179104477612,10.884399551066219,268,87,267
332,M7+VOL3+VOL4,3,MAJORITY,0.3306836248012718,0.38095238095238093,0.29213483146067415,0.6190476190476191,10.567271381487068,252,78,267
333,M7+VOL3+VOL4,3,WEIGHTED,0.3306836248012718,0.38095238095238093,0.29213483146067415,0.6190476190476191,10.567271381487068,252,78,267
334,M5+M8+VOL4,3,MAJORITY,0.3301947161532132,0.3387096774193548,0.32209737827715357,0.6612903225806451,8.43746946590084,310,86,267
335,M5+M8+VOL4,3,WEIGHTED,0.3301947161532132,0.3387096774193548,0.32209737827715357,0.6612903225806451,8.43746946590084,310,86,267
336,M8+V7+VOL3,3,MAJORITY,0.33001294168398754,0.34256055363321797,0.31835205992509363,0.657439446366782,10.064250564250564,289,85,267
337,M8+V7+VOL3,3,WEIGHTED,0.33001294168398754,0.34256055363321797,0.31835205992509363,0.657439446366782,10.064250564250564,289,85,267
338,VOL6+M7+VOL3,3,MAJORITY,0.328437917222964,0.35294117647058826,0.30711610486891383,0.6470588235294118,9.96602733686067,255,82,267
339,VOL6+M7+VOL3,3,WEIGHTED,0.328437917222964,0.35294117647058826,0.30711610486891383,0.6470588235294118,9.96602733686067,255,82,267
340,M7+V7+VOL3,3,WEIGHTED,0.32657846256908396,0.39,0.2808988764044944,0.61,10.521011396011396,200,75,267
341,M7+V7+VOL3,3,MAJORITY,0.32657846256908396,0.39,0.2808988764044944,0.61,10.521011396011396,200,75,267
342,M8+V4+VOL4,3,WEIGHTED,0.32551601686764814,0.3215434083601286,0.3295880149812734,0.6784565916398714,8.064570614570615,311,88,267
343,M8+V4+VOL4,3,MAJORITY,0.32551601686764814,0.3215434083601286,0.3295880149812734,0.6784565916398714,8.064570614570615,311,88,267
344,M5+X5+VOL4,3,MAJORITY,0.3242614561525936,0.3434343434343434,0.30711610486891383,0.6565656565656566,9.049013949013949,297,82,267
345,M5+X5+VOL4,3,WEIGHTED,0.3242614561525936,0.3434343434343434,0.30711610486891383,0.6565656565656566,9.049013949013949,297,82,267
346,M7+M8+VOL3,3,MAJORITY,0.32398753894081,0.36363636363636365,0.29213483146067415,0.6363636363636364,9.748214748214748,242,78,267
347,M7+M8+VOL3,3,WEIGHTED,0.32398753894081,0.36363636363636365,0.29213483146067415,0.6363636363636364,9.748214748214748,242,78,267
348,X5+VOL4,2,SEQUENTIAL,0.3234417519761565,0.3622641509433962,0.29213483146067415,0.6377358490566037,9.245014245014243,265,78,267
349,M7+X5+VOL4,3,MAJORITY,0.3217526714278043,0.3292307692307692,0.3146067415730337,0.6707692307692308,9.258333333333333,325,84,267
350,M7+X5+VOL4,3,WEIGHTED,0.3217526714278043,0.3292307692307692,0.3146067415730337,0.6707692307692308,9.258333333333333,325,84,267
351,M5+X5,2,SEQUENTIAL,0.3216416824334158,0.325,0.31835205992509363,0.675,9.381228956228956,320,85,267
352,M7+X5+V4,3,MAJORITY,0.32151892515904007,0.36324786324786323,0.2883895131086142,0.6367521367521367,8.822292522292521,234,77,267
353,M7+X5+V4,3,WEIGHTED,0.32151892515904007,0.36324786324786323,0.2883895131086142,0.6367521367521367,8.822292522292521,234,77,267
354,VOL6+M8+V4,3,WEIGHTED,0.32079082974024603,0.33574007220216606,0.30711610486891383,0.6642599277978339,8.582410001037452,277,82,267
355,VOL6+M8+V4,3,MAJORITY,0.32079082974024603,0.33574007220216606,0.30711610486891383,0.6642599277978339,8.582410001037452,277,82,267
356,M5+M8+X5,3,WEIGHTED,0.3185238069086716,0.3115264797507788,0.3258426966292135,0.6884735202492211,8.822294372294373,321,87,267
357,M5+M8+X5,3,MAJORITY,0.3185238069086716,0.3115264797507788,0.3258426966292135,0.6884735202492211,8.822294372294373,321,87,267
358,M7+M8+V4,3,MAJORITY,0.31837916063675836,0.4052631578947368,0.26217228464419473,0.5947368421052631,8.540235690235688,190,70,267
359,M7+M8+V4,3,WEIGHTED,0.31837916063675836,0.4052631578947368,0.26217228464419473,0.5947368421052631,8.540235690235688,190,70,267
360,M8+VOL3,2,SEQUENTIAL,0.31575463371579876,0.32919254658385094,0.30337078651685395,0.6708074534161491,11.611426536426539,322,81,267
361,M5+M8+VOL3,3,WEIGHTED,0.3156293370342692,0.37327188940092165,0.27340823970037453,0.6267281105990783,9.57253086419753,217,73,267
362,M5+M8+VOL3,3,MAJORITY,0.3156293370342692,0.37327188940092165,0.27340823970037453,0.6267281105990783,9.57253086419753,217,73,267
363,X5+V4+VOL4,3,WEIGHTED,0.31450303392872403,0.33093525179856115,0.299625468164794,0.6690647482014388,8.511475869809203,278,80,267
364,X5+V4+VOL4,3,MAJORITY,0.31450303392872403,0.33093525179856115,0.299625468164794,0.6690647482014388,8.511475869809203,278,80,267
365,VOL6+M7+VOL4,3,WEIGHTED,0.3142382431553854,0.35655737704918034,0.2808988764044944,0.6434426229508197,9.416975308641975,244,75,267
366,VOL6+M7+VOL4,3,MAJORITY,0.3142382431553854,0.35655737704918034,0.2808988764044944,0.6434426229508197,9.416975308641975,244,75,267
367,X5+VOL3,2,SEQUENTIAL,0.313953488372093,0.3253012048192771,0.30337078651685395,0.6746987951807228,11.619450865827677,332,81,267
368,M7+V4,2,SEQUENTIAL,0.3135193261246192,0.4530386740331492,0.2397003745318352,0.5469613259668509,9.457383665716998,181,64,267
369,VOL6+V4+VOL4,3,WEIGHTED,0.3133841131664853,0.3284671532846715,0.299625468164794,0.6715328467153284,9.292079217079218,274,80,267
370,VOL6+V4+VOL4,3,MAJORITY,0.3133841131664853,0.3284671532846715,0.299625468164794,0.6715328467153284,9.292079217079218,274,80,267
371,VOL6+X5,2,AND,0.3132436122488784,0.36666666666666664,0.27340823970037453,0.6333333333333333,9.17157287157287,210,73,267
372,VOL6+V7,2,SEQUENTIAL,0.31162248466724113,0.29859154929577464,0.3258426966292135,0.7014084507042253,10.841461943629126,355,87,267
373,M7+M6,2,AND,0.31091604134220585,0.4864864864864865,0.22846441947565543,0.5135135135135135,9.549210357543691,148,61,267
374,M7+X5+M6,3,WEIGHTED,0.3108355195166548,0.38990825688073394,0.25842696629213485,0.6100917431192661,9.919694194694195,218,69,267
375,M7+X5+M6,3,MAJORITY,0.3108355195166548,0.38990825688073394,0.25842696629213485,0.6100917431192661,9.919694194694195,218,69,267
376,M5+VOL6+V4,3,WEIGHTED,0.31057692307692314,0.39790575916230364,0.2546816479400749,0.6020942408376964,9.538832772166106,191,68,267
377,M5+VOL6+V4,3,MAJORITY,0.31057692307692314,0.39790575916230364,0.2546816479400749,0.6020942408376964,9.538832772166106,191,68,267
378,M7+X5+VOL3,3,WEIGHTED,0.3092369477911646,0.3333333333333333,0.2883895131086142,0.6666666666666666,9.849226699226698,276,77,267
379,M7+X5+VOL3,3,MAJORITY,0.3092369477911646,0.3333333333333333,0.2883895131086142,0.6666666666666666,9.849226699226698,276,77,267
380,VOL6+VOL4,2,SEQUENTIAL,0.30889105329066374,0.3488372093023256,0.27715355805243447,0.6511627906976745,9.860078347578346,301,74,267
381,M7+M8+X5,3,MAJORITY,0.3076596121491189,0.2944606413994169,0.32209737827715357,0.7055393586005831,8.801221001221002,343,86,267
382,M7+M8+X5,3,WEIGHTED,0.3076596121491189,0.2944606413994169,0.32209737827715357,0.7055393586005831,8.801221001221002,343,86,267
383,VOL6+M7+V4,3,MAJORITY,0.3066121578386065,0.3768844221105528,0.25842696629213485,0.6231155778894473,8.703114478114479,199,69,267
384,VOL6+M7+V4,3,WEIGHTED,0.3066121578386065,0.3768844221105528,0.25842696629213485,0.6231155778894473,8.703114478114479,199,69,267
385,M5+X5+VOL3,3,MAJORITY,0.30643297380585516,0.3426294820717131,0.27715355805243447,0.6573705179282868,9.690628815628816,251,74,267
386,M5+X5+VOL3,3,WEIGHTED,0.30643297380585516,0.3426294820717131,0.27715355805243447,0.6573705179282868,9.690628815628816,251,74,267
387,V7+VOL4,2,SEQUENTIAL,0.3056818775808897,0.38222222222222224,0.2546816479400749,0.6177777777777778,8.926578822412155,225,68,267
388,V7+VOL3,2,SEQUENTIAL,0.3050259965337955,0.35106382978723405,0.2696629213483146,0.648936170212766,11.675124258457592,282,72,267
389,M8+V4,2,SEQUENTIAL,0.30480344054758013,0.37948717948717947,0.2546816479400749,0.6205128205128205,8.467604617604618,195,68,267
390,M5+VOL3+VOL4,3,WEIGHTED,0.3046446981351038,0.3789954337899543,0.2546816479400749,0.6210045662100456,10.182176773843441,219,68,267
391,M5+VOL3+VOL4,3,MAJORITY,0.3046446981351038,0.3789954337899543,0.2546816479400749,0.6210045662100456,10.182176773843441,219,68,267
392,VOL3+V4+VOL4,3,WEIGHTED,0.3041650138833796,0.35526315789473684,0.26591760299625467,0.6447368421052632,8.88641975308642,228,71,267
393,VOL3+V4+VOL4,3,MAJORITY,0.3041650138833796,0.35526315789473684,0.26591760299625467,0.6447368421052632,8.88641975308642,228,71,267
394,X5+VOL3+V4,3,MAJORITY,0.30279941996215004,0.3187250996015936,0.2883895131086142,0.6812749003984063,9.001543209876543,251,77,267
395,X5+VOL3+V4,3,WEIGHTED,0.30279941996215004,0.3187250996015936,0.2883895131086142,0.6812749003984063,9.001543209876543,251,77,267
396,M8+M6+VOL4,3,WEIGHTED,0.3022697661660838,0.32222222222222224,0.2846441947565543,0.6777777777777778,7.688800705467372,270,76,267
397,M8+M6+VOL4,3,MAJORITY,0.3022697661660838,0.32222222222222224,0.2846441947565543,0.6777777777777778,7.688800705467372,270,76,267
398,M7+V7+X5,3,WEIGHTED,0.3013771342632184,0.35436893203883496,0.26217228464419473,0.6456310679611651,10.821729196729198,206,70,267
399,M7+V7+X5,3,MAJORITY,0.3013771342632184,0.35436893203883496,0.26217228464419473,0.6456310679611651,10.821729196729198,206,70,267
400,M5+M8,2,SEQUENTIAL,0.30078227648521355,0.30194805194805197,0.299625468164794,0.698051948051948,9.55894187034538,308,80,267
401,M5+VOL6+VOL4,3,MAJORITY,0.30027109359716053,0.36574074074074076,0.2546816479400749,0.6342592592592593,9.46499118165785,216,68,267
402,M5+VOL6+VOL4,3,WEIGHTED,0.30027109359716053,0.36574074074074076,0.2546816479400749,0.6342592592592593,9.46499118165785,216,68,267
403,M5+VOL6+VOL3,3,WEIGHTED,0.298629042992147,0.34051724137931033,0.26591760299625467,0.6594827586206896,10.123680640347308,232,71,267
404,M5+VOL6+VOL3,3,MAJORITY,0.298629042992147,0.34051724137931033,0.26591760299625467,0.6594827586206896,10.123680640347308,232,71,267
405,M5+VOL6+M8,3,SEQUENTIAL,0.29602010213179863,0.3688888888888889,0.24719101123595505,0.6311111111111111,11.352633477633479,225,66,267
406,VOL6+V4,2,SEQUENTIAL,0.29596609178602745,0.3127413127413127,0.2808988764044944,0.6872586872586872,9.762169312169313,259,75,267
407,VOL6+M7+M8,3,WEIGHTED,0.2920994489168804,0.324,0.26591760299625467,0.676,8.807429453262788,250,71,267
408,VOL6+M7+M8,3,MAJORITY,0.2920994489168804,0.324,0.26591760299625467,0.676,8.807429453262788,250,71,267
409,M8+VOL3+V4,3,WEIGHTED,0.29149996922508775,0.37185929648241206,0.2397003745318352,0.628140703517588,8.764197530864198,199,64,267
410,M8+VOL3+V4,3,MAJORITY,0.29149996922508775,0.37185929648241206,0.2397003745318352,0.628140703517588,8.764197530864198,199,64,267
411,M5+VOL6+M8,3,MAJORITY,0.29147994544493,0.3407079646017699,0.2546816479400749,0.6592920353982301,9.089520202020203,226,68,267
412,M5+VOL6+M8,3,WEIGHTED,0.29147994544493,0.3407079646017699,0.2546816479400749,0.6592920353982301,9.089520202020203,226,68,267
413,M8+X5+M6,3,WEIGHTED,0.28997002100889924,0.304029304029304,0.27715355805243447,0.6959706959706959,7.7519261115752345,273,74,267
414,M8+X5+M6,3,MAJORITY,0.28997002100889924,0.304029304029304,0.27715355805243447,0.6959706959706959,7.7519261115752345,273,74,267
415,X5+V4,2,SEQUENTIAL,0.28930425163797263,0.33482142857142855,0.2546816479400749,0.6651785714285714,10.739690556357225,224,68,267
416,VOL6+VOL3+V4,3,WEIGHTED,0.2889733840304182,0.29343629343629346,0.2846441947565543,0.7065637065637066,9.856569664902999,259,76,267
417,VOL6+VOL3+V4,3,MAJORITY,0.2889733840304182,0.29343629343629346,0.2846441947565543,0.7065637065637066,9.856569664902999,259,76,267
418,V7+VOL3+VOL4,3,WEIGHTED,0.2886320223343293,0.3155893536121673,0.26591760299625467,0.6844106463878327,11.289175330841998,263,71,267
419,V7+VOL3+VOL4,3,MAJORITY,0.2886320223343293,0.3155893536121673,0.26591760299625467,0.6844106463878327,11.289175330841998,263,71,267
420,M7+VOL4,2,SEQUENTIAL,0.2885143081144649,0.32653061224489793,0.25842696629213485,0.673469387755102,8.772464726631393,245,69,267
421,M7+V7+V4,3,WEIGHTED,0.2883799830364716,0.40236686390532544,0.2247191011235955,0.5976331360946746,9.34563492063492,169,60,267
422,M7+V7+V4,3,MAJORITY,0.2883799830364716,0.40236686390532544,0.2247191011235955,0.5976331360946746,9.34563492063492,169,60,267
423,M5+M6+VOL4,3,MAJORITY,0.2863587329606747,0.3945945945945946,0.2247191011235955,0.6054054054054054,10.641582491582492,185,60,267
424,M5+M6+VOL4,3,WEIGHTED,0.2863587329606747,0.3945945945945946,0.2247191011235955,0.6054054054054054,10.641582491582492,185,60,267
425,M7+VOL3,2,SEQUENTIAL,0.2838709677419355,0.3333333333333333,0.24719101123595505,0.6666666666666666,10.217508798391151,237,66,267
426,M8+VOL4,2,AND,0.28334180647347906,0.3318777292576419,0.24719101123595505,0.6681222707423581,7.475347222222222,229,66,267
427,M5+M7+X5,3,SEQUENTIAL,0.282030620467365,0.35046728971962615,0.23595505617977527,0.6495327102803738,9.14054649054649,214,63,267
428,VOL6+M6+VOL4,3,MAJORITY,0.27901824350053656,0.34946236559139787,0.23220973782771537,0.6505376344086021,9.323192239858905,186,62,267
429,VOL6+M6+VOL4,3,WEIGHTED,0.27901824350053656,0.34946236559139787,0.23220973782771537,0.6505376344086021,9.323192239858905,186,62,267
430,VOL3+VOL4,2,SEQUENTIAL,0.2783338894450006,0.32489451476793246,0.24344569288389514,0.6751054852320675,9.71523538190205,237,65,267
431,M5+M8+M6,3,MAJORITY,0.2781351094196004,0.38650306748466257,0.21722846441947566,0.6134969325153374,10.865608465608465,163,58,267
432,M5+M8+M6,3,WEIGHTED,0.2781351094196004,0.38650306748466257,0.21722846441947566,0.6134969325153374,10.865608465608465,163,58,267
433,VOL6+M8+M6,3,WEIGHTED,0.27737092079056225,0.3443396226415094,0.23220973782771537,0.6556603773584906,8.531746031746032,212,62,267
434,VOL6+M8+M6,3,MAJORITY,0.27737092079056225,0.3443396226415094,0.23220973782771537,0.6556603773584906,8.531746031746032,212,62,267
435,M8+X5,2,AND,0.276872683389363,0.3146551724137931,0.24719101123595505,0.6853448275862069,7.864748677248678,232,66,267
436,M5+V7+X5,3,MAJORITY,0.2767102229054573,0.36,0.2247191011235955,0.64,10.994708994708994,175,60,267
437,M5+V7+X5,3,WEIGHTED,0.2767102229054573,0.36,0.2247191011235955,0.64,10.994708994708994,175,60,267
438,M5+V7+M6,3,MAJORITY,0.2765641744291485,0.4206896551724138,0.20599250936329588,0.5793103448275863,10.766319444444445,145,55,267
439,M5+V7+M6,3,WEIGHTED,0.2765641744291485,0.4206896551724138,0.20599250936329588,0.5793103448275863,10.766319444444445,145,55,267
440,X5+M6+VOL4,3,MAJORITY,0.2765440375429481,0.3138075313807531,0.24719101123595505,0.6861924686192469,8.62989417989418,239,66,267
441,X5+M6+VOL4,3,WEIGHTED,0.2765440375429481,0.3138075313807531,0.24719101123595505,0.6861924686192469,8.62989417989418,239,66,267
442,M5+VOL6+M6,3,WEIGHTED,0.2758099180132134,0.41721854304635764,0.20599250936329588,0.5827814569536424,10.564478114478113,151,55,267
443,M5+VOL6+M6,3,MAJORITY,0.2758099180132134,0.41721854304635764,0.20599250936329588,0.5827814569536424,10.564478114478113,151,55,267
444,V7+X5+M6,3,WEIGHTED,0.27362120564343734,0.34972677595628415,0.2247191011235955,0.6502732240437158,11.471560846560847,183,60,267
445,V7+X5+M6,3,MAJORITY,0.27362120564343734,0.34972677595628415,0.2247191011235955,0.6502732240437158,11.471560846560847,183,60,267
446,M8+V7+V4,3,WEIGHTED,0.2726183343319353,0.30973451327433627,0.24344569288389514,0.6902654867256637,7.822222222222223,226,65,267
447,M8+V7+V4,3,MAJORITY,0.2726183343319353,0.30973451327433627,0.24344569288389514,0.6902654867256637,7.822222222222223,226,65,267
448,M5+VOL4,2,SEQUENTIAL,0.27174958468129756,0.3203463203463203,0.23595505617977527,0.6796536796536796,9.358333333333333,231,63,267
449,M5+V7+V4,3,MAJORITY,0.27041434456021324,0.40789473684210525,0.20224719101123595,0.5921052631578947,10.153439153439152,152,54,267
450,M5+V7+V4,3,WEIGHTED,0.27041434456021324,0.40789473684210525,0.20224719101123595,0.5921052631578947,10.153439153439152,152,54,267
451,M5+V7+VOL3,3,WEIGHTED,0.2689335394126739,0.35294117647058826,0.21722846441947566,0.6470588235294118,10.55969215969216,170,58,267
452,M5+V7+VOL3,3,MAJORITY,0.2689335394126739,0.35294117647058826,0.21722846441947566,0.6470588235294118,10.55969215969216,170,58,267
453,M5+VOL6+X5,3,SEQUENTIAL,0.26743945352929,0.35789473684210527,0.21348314606741572,0.6421052631578947,11.70568783068783,190,57,267
454,M5+X5+M6,3,MAJORITY,0.2665873252008331,0.3657142857142857,0.20973782771535582,0.6342857142857142,10.031200897867565,175,56,267
455,M5+X5+M6,3,WEIGHTED,0.2665873252008331,0.3657142857142857,0.20973782771535582,0.6342857142857142,10.031200897867565,175,56,267
456,X5+VOL4,2,AND,0.2657693133815422,0.3422459893048128,0.21722846441947566,0.6577540106951871,8.299765974765975,187,58,267
457,M5+VOL3,2,SEQUENTIAL,0.2625935666599231,0.3235294117647059,0.2209737827715356,0.6764705882352942,10.537274453941121,204,59,267
458,VOL6+M8,2,AND,0.26184889723134674,0.3712574850299401,0.20224719101123595,0.6287425149700598,8.029276895943562,167,54,267
459,M7+M8+V7,3,WEIGHTED,0.261353711790393,0.33689839572192515,0.21348314606741572,0.6631016042780749,10.100793650793651,187,57,267
460,M7+M8+V7,3,MAJORITY,0.261353711790393,0.33689839572192515,0.21348314606741572,0.6631016042780749,10.100793650793651,187,57,267
461,M5+M7+V7,3,SEQUENTIAL,0.2568851666935094,0.3411764705882353,0.20599250936329588,0.6588235294117647,9.798075998075998,170,55,267
462,VOL6+M8+X5,3,SEQUENTIAL,0.2552803525300107,0.32608695652173914,0.20973782771535582,0.6739130434782609,10.103246753246752,184,56,267
463,M5+V4,2,AND,0.24669603524229078,0.5714285714285714,0.15730337078651685,0.42857142857142855,10.647883597883599,84,42,267
464,V7+V4+VOL4,3,MAJORITY,0.24609559867486985,0.2719665271966527,0.2247191011235955,0.7280334728033473,9.33042328042328,239,60,267
465,V7+V4+VOL4,3,WEIGHTED,0.24609559867486985,0.2719665271966527,0.2247191011235955,0.7280334728033473,9.33042328042328,239,60,267
466,VOL6+M8+VOL4,3,SEQUENTIAL,0.24434519521682752,0.381294964028777,0.1797752808988764,0.6187050359712231,9.85731922398589,139,48,267
467,M6+V4+VOL4,3,MAJORITY,0.2428372309121883,0.37404580152671757,0.1797752808988764,0.6259541984732825,7.763932980599646,131,48,267
468,M6+V4+VOL4,3,WEIGHTED,0.2428372309121883,0.37404580152671757,0.1797752808988764,0.6259541984732825,7.763932980599646,131,48,267
469,M7+V7+VOL4,3,WEIGHTED,0.24273239747982756,0.3034825870646766,0.20224719101123595,0.6965174129353234,11.181265031265031,201,54,267
470,M7+V7+VOL4,3,MAJORITY,0.24273239747982756,0.3034825870646766,0.20224719101123595,0.6965174129353234,11.181265031265031,201,54,267
471,M8+V7+M6,3,WEIGHTED,0.24180848361696727,0.32941176470588235,0.19101123595505617,0.6705882352941176,9.945634920634921,170,51,267
472,M8+V7+M6,3,MAJORITY,0.24180848361696727,0.32941176470588235,0.19101123595505617,0.6705882352941176,9.945634920634921,170,51,267
473,M5+M6,2,AND,0.23999554739244167,0.44144144144144143,0.1647940074906367,0.5585585585585585,9.924702380952382,111,44,267
474,V7+VOL3+V4,3,WEIGHTED,0.23913955528433578,0.285,0.20599250936329588,0.715,11.251322751322753,200,55,267
475,V7+VOL3+V4,3,MAJORITY,0.23913955528433578,0.285,0.20599250936329588,0.715,11.251322751322753,200,55,267
476,VOL3+V4,2,SEQUENTIAL,0.2376618690614601,0.3048128342245989,0.1947565543071161,0.6951871657754011,8.494797178130511,187,52,267
477,M6+V4,2,SEQUENTIAL,0.23733491030948156,0.48314606741573035,0.15730337078651685,0.5168539325842697,7.835449735449736,89,42,267
478,M7+V7+X5,3,SEQUENTIAL,0.2369192466771072,0.3224043715846995,0.18726591760299627,0.6775956284153005,11.278703703703703,183,50,267
479,VOL6+VOL4,2,AND,0.23650834403080873,0.3602941176470588,0.1760299625468165,0.6397058823529411,8.949074074074073,136,47,267
480,VOL6+M6+V4,3,WEIGHTED,0.2361327242608303,0.3310344827586207,0.18352059925093633,0.6689655172413793,9.527777777777779,145,49,267
481,VOL6+M6+V4,3,MAJORITY,0.2361327242608303,0.3310344827586207,0.18352059925093633,0.6689655172413793,9.527777777777779,145,49,267
482,VOL3+M6+VOL4,3,WEIGHTED,0.236017316017316,0.35802469135802467,0.1760299625468165,0.6419753086419753,10.08395061728395,162,47,267
483,VOL3+M6+VOL4,3,MAJORITY,0.236017316017316,0.35802469135802467,0.1760299625468165,0.6419753086419753,10.08395061728395,162,47,267
484,M8+VOL3+M6,3,WEIGHTED,0.2354141545311196,0.35526315789473684,0.1760299625468165,0.6447368421052632,9.602028218694887,152,47,267
485,M8+VOL3+M6,3,MAJORITY,0.2354141545311196,0.35526315789473684,0.1760299625468165,0.6447368421052632,9.602028218694887,152,47,267
486,M5+VOL6+VOL3,3,SEQUENTIAL,0.23503689532659197,0.43478260869565216,0.16104868913857678,0.5652173913043478,11.490883190883189,115,43,267
487,M5+M7+M8,3,SEQUENTIAL,0.23495379066796906,0.28780487804878047,0.19850187265917604,0.7121951219512195,9.53985088985089,205,53,267
488,V7+V4,2,SEQUENTIAL,0.2328435085593092,0.2815533980582524,0.19850187265917604,0.7184466019417476,10.642676767676768,206,53,267
489,M5+M8+V7,3,MAJORITY,0.23149693934335006,0.325,0.1797752808988764,0.675,10.261111111111111,160,48,267
490,M5+M8+V7,3,WEIGHTED,0.23149693934335006,0.325,0.1797752808988764,0.675,10.261111111111111,160,48,267
491,M5+V7+X5,3,SEQUENTIAL,0.23120801115477246,0.32386363636363635,0.1797752808988764,0.6761363636363636,10.980098605098606,176,48,267
492,V7+X5,2,AND,0.2305218012866333,0.40540540540540543,0.16104868913857678,0.5945945945945946,11.656481481481482,111,43,267
493,X5+M6+V4,3,MAJORITY,0.23007189746795872,0.3194444444444444,0.1797752808988764,0.6805555555555556,8.43994708994709,144,48,267
494,X5+M6+V4,3,WEIGHTED,0.23007189746795872,0.3194444444444444,0.1797752808988764,0.6805555555555556,8.43994708994709,144,48,267
495,VOL6+M8+V7,3,SEQUENTIAL,0.22926605504587155,0.30538922155688625,0.18352059925093633,0.6946107784431138,10.614285714285714,167,49,267
496,M7+M8+X5,3,SEQUENTIAL,0.22739848282016958,0.2988505747126437,0.18352059925093633,0.7011494252873564,12.462962962962962,174,49,267
497,VOL6+X5+VOL3,3,SEQUENTIAL,0.22588925559222586,0.358974358974359,0.1647940074906367,0.6410256410256411,11.51283068783069,156,44,267
498,VOL6+VOL3+M6,3,MAJORITY,0.22575323434922287,0.28415300546448086,0.18726591760299627,0.7158469945355191,11.311904761904762,183,50,267
499,VOL6+VOL3+M6,3,WEIGHTED,0.22575323434922287,0.28415300546448086,0.18726591760299627,0.7158469945355191,11.311904761904762,183,50,267
500,VOL6+M7,2,SEQUENTIAL,0.22463077656026675,0.41818181818181815,0.15355805243445692,0.5818181818181818,9.738271604938271,110,41,267
501,M6+VOL4,2,SEQUENTIAL,0.22423420981295744,0.35074626865671643,0.1647940074906367,0.6492537313432836,7.690620490620491,134,44,267
502,X5+VOL3+M6,3,WEIGHTED,0.22422422422422422,0.2978723404255319,0.1797752808988764,0.7021276595744681,10.544240019240018,188,48,267
503,X5+VOL3+M6,3,MAJORITY,0.22422422422422422,0.2978723404255319,0.1797752808988764,0.7021276595744681,10.544240019240018,188,48,267
504,M5+M7+M6,3,AND,0.22379112828027178,0.4421052631578947,0.149812734082397,0.5578947368421052,10.258234126984126,95,40,267
505,M7+V4,2,AND,0.22269579115610014,0.5116279069767442,0.14232209737827714,0.4883720930232558,9.95079365079365,86,38,267
506,V7+VOL3+M6,3,WEIGHTED,0.221767851525637,0.32413793103448274,0.16853932584269662,0.6758620689655173,11.806437389770723,145,45,267
507,V7+VOL3+M6,3,MAJORITY,0.221767851525637,0.32413793103448274,0.16853932584269662,0.6758620689655173,11.806437389770723,145,45,267
508,VOL6+M8+VOL3,3,SEQUENTIAL,0.21982391366089177,0.34615384615384615,0.16104868913857678,0.6538461538461539,11.676094276094277,156,43,267
509,VOL3+M6+V4,3,WEIGHTED,0.2196008416756998,0.3853211009174312,0.15355805243445692,0.6146788990825688,10.093386243386243,109,41,267
510,VOL3+M6+V4,3,MAJORITY,0.2196008416756998,0.3853211009174312,0.15355805243445692,0.6146788990825688,10.093386243386243,109,41,267
511,M7+VOL3,2,AND,0.21884623280640525,0.43617021276595747,0.14606741573033707,0.5638297872340425,8.170723104056437,94,39,267
512,M8+X5+VOL3,3,SEQUENTIAL,0.21822487876395624,0.3383458646616541,0.16104868913857678,0.6616541353383458,10.964285714285715,133,43,267
513,VOL6+X5+VOL4,3,SEQUENTIAL,0.21293831732438376,0.368,0.149812734082397,0.632,8.554497354497354,125,40,267
514,M8+M6+V4,3,MAJORITY,0.21249825248147633,0.36538461538461536,0.149812734082397,0.6346153846153846,6.4753086419753085,104,40,267
515,M8+M6+V4,3,WEIGHTED,0.21249825248147633,0.36538461538461536,0.149812734082397,0.6346153846153846,6.4753086419753085,104,40,267
516,M8+V7,2,AND,0.20618955512572532,0.3504273504273504,0.14606741573033707,0.6495726495726496,9.069753086419752,117,39,267
517,M7+M6+VOL4,3,SEQUENTIAL,0.20584144645340752,0.4,0.13857677902621723,0.6,7.57636684303351,100,37,267
518,M5+V7+VOL4,3,WEIGHTED,0.20462850182704018,0.2926829268292683,0.15730337078651685,0.7073170731707317,11.072751322751323,164,42,267
519,M5+V7+VOL4,3,MAJORITY,0.20462850182704018,0.2926829268292683,0.15730337078651685,0.7073170731707317,11.072751322751323,164,42,267
520,M8+X5+VOL4,3,SEQUENTIAL,0.20303821187177945,0.37962962962962965,0.13857677902621723,0.6203703703703703,8.571296296296294,108,37,267
521,M7+X5+VOL4,3,SEQUENTIAL,0.20203769061730043,0.37272727272727274,0.13857677902621723,0.6272727272727273,7.99206349206349,110,37,267
522,M8+VOL3,2,AND,0.2008071249652101,0.3644859813084112,0.13857677902621723,0.6355140186915887,9.69351851851852,107,37,267
523,X5+V4,2,AND,0.19871429733908375,0.35106382978723405,0.13857677902621723,0.648936170212766,7.466666666666667,94,37,267
524,M5+M7+V4,3,SEQUENTIAL,0.19796215429403205,0.4444444444444444,0.12734082397003746,0.5555555555555556,8.204144620811286,99,34,267
525,V7+M6+VOL4,3,MAJORITY,0.1976470588235294,0.26582278481012656,0.15730337078651685,0.7341772151898734,11.994708994708994,158,42,267
526,V7+M6+VOL4,3,WEIGHTED,0.1976470588235294,0.26582278481012656,0.15730337078651685,0.7341772151898734,11.994708994708994,158,42,267
527,V4+VOL4,2,AND,0.1941298821354287,0.3465346534653465,0.1348314606741573,0.6534653465346535,7.305555555555555,101,36,267
528,VOL3+VOL4,2,AND,0.1927047487955953,0.36363636363636365,0.13108614232209737,0.6363636363636364,10.155026455026453,110,35,267
529,VOL6+VOL3,2,AND,0.1923301537862566,0.2814814814814815,0.14606741573033707,0.7185185185185186,11.316666666666666,135,39,267
530,M5+M8+X5,3,SEQUENTIAL,0.19198312236286919,0.28,0.14606741573033707,0.72,12.29484126984127,150,39,267
531,M5+M7+VOL4,3,SEQUENTIAL,0.1910828025477707,0.32786885245901637,0.1348314606741573,0.6721311475409836,7.8577601410934745,122,36,267
532,M8+V7+VOL4,3,SEQUENTIAL,0.19073693817020307,0.4175824175824176,0.12359550561797752,0.5824175824175825,11.356084656084654,91,33,267
533,V7+M6+V4,3,MAJORITY,0.18749999999999997,0.3076923076923077,0.1348314606741573,0.6923076923076923,11.327777777777778,130,36,267
534,V7+M6+V4,3,WEIGHTED,0.18749999999999997,0.3076923076923077,0.1348314606741573,0.6923076923076923,11.327777777777778,130,36,267
535,M5+VOL3,2,AND,0.1873170731707317,0.42857142857142855,0.1198501872659176,0.5714285714285714,7.8582010582010575,77,32,267
536,M5+M7+VOL3,3,SEQUENTIAL,0.18605610561056105,0.3761467889908257,0.12359550561797752,0.6238532110091743,8.566666666666668,109,33,267
537,M8+V7+X5,3,SEQUENTIAL,0.18508305008657733,0.2785714285714286,0.13857677902621723,0.7214285714285714,9.976851851851853,140,37,267
538,VOL6+M8+V4,3,SEQUENTIAL,0.18363939899833054,0.35714285714285715,0.12359550561797752,0.6428571428571429,8.857407407407408,98,33,267
539,X5+VOL3,2,AND,0.18297960024726972,0.2846153846153846,0.1348314606741573,0.7153846153846154,10.831481481481482,130,36,267
540,M5+M6+VOL4,3,SEQUENTIAL,0.1828430237047332,0.3854166666666667,0.1198501872659176,0.6145833333333334,8.92283950617284,96,32,267
541,M7+V7+VOL3,3,SEQUENTIAL,0.180475359205049,0.3652173913043478,0.1198501872659176,0.6347826086956522,11.63888888888889,115,32,267
542,V4+VOL4,2,SEQUENTIAL,0.17907137907137907,0.30158730158730157,0.12734082397003746,0.6984126984126984,11.358465608465607,126,34,267
543,M7+M8+VOL4,3,SEQUENTIAL,0.1788654732230531,0.3523809523809524,0.1198501872659176,0.6476190476190476,11.317460317460318,105,32,267
544,M5+V7+VOL3,3,SEQUENTIAL,0.1785990304222581,0.3867924528301887,0.11610486891385768,0.6132075471698113,11.158333333333333,106,31,267
545,M7+M6+V4,3,SEQUENTIAL,0.1773312950425857,0.4827586206896552,0.10861423220973783,0.5172413793103449,7.425,58,29,267
546,M5+VOL6+VOL4,3,SEQUENTIAL,0.17611070648215585,0.3644859813084112,0.11610486891385768,0.6355140186915887,11.231481481481481,107,31,267
547,M5+M7+V4,3,AND,0.1743823956819597,0.5172413793103449,0.10486891385767791,0.4827586206896552,10.65925925925926,58,28,267
548,M7+X5+VOL3,3,SEQUENTIAL,0.17063373995834574,0.3217391304347826,0.11610486891385768,0.6782608695652174,12.074579124579124,115,31,267
549,M5+M7+VOL3,3,AND,0.16883251897286622,0.43283582089552236,0.10486891385767791,0.5671641791044776,7.714814814814815,67,28,267
550,V7+X5+V4,3,SEQUENTIAL,0.16671148158107016,0.3229166666666667,0.11235955056179775,0.6770833333333334,12.362962962962962,96,30,267
551,V7+X5+VOL3,3,SEQUENTIAL,0.16655413009227998,0.3217391304347826,0.11235955056179775,0.6782608695652174,8.707407407407409,115,30,267
552,VOL6+X5+V4,3,SEQUENTIAL,0.16621983914209115,0.29245283018867924,0.11610486891385768,0.7075471698113207,9.10925925925926,106,31,267
553,M7+M8+VOL3,3,SEQUENTIAL,0.1653081435209873,0.28688524590163933,0.11610486891385768,0.7131147540983607,13.777777777777777,122,31,267
554,M7+M8+V4,3,SEQUENTIAL,0.16359423793693967,0.3717948717948718,0.10486891385767791,0.6282051282051282,9.24375,78,28,267
555,VOL6+V7+X5,3,SEQUENTIAL,0.16241230034333481,0.2518518518518518,0.1198501872659176,0.7481481481481481,10.432098765432098,135,32,267
556,M7+X5+V4,3,SEQUENTIAL,0.16231884057971016,0.358974358974359,0.10486891385767791,0.6410256410256411,6.512962962962963,78,28,267
557,M5+M8+VOL4,3,SEQUENTIAL,0.16229033107930096,0.358695652173913,0.10486891385767791,0.6413043478260869,11.063492063492063,92,28,267
558,M5+M8+VOL3,3,SEQUENTIAL,0.16104333193100545,0.3113207547169811,0.10861423220973783,0.6886792452830188,13.52222222222222,106,29,267
559,M5+X5+VOL4,3,SEQUENTIAL,0.16078540335278318,0.34444444444444444,0.10486891385767791,0.6555555555555556,7.696296296296296,90,28,267
560,M8+X5+V4,3,SEQUENTIAL,0.1599842380061078,0.3372093023255814,0.10486891385767791,0.6627906976744186,7.601851851851851,86,28,267
561,M8+V7+VOL3,3,SEQUENTIAL,0.15984077164510452,0.3025210084033613,0.10861423220973783,0.6974789915966386,12.48125,119,29,267
562,M5+X5+V4,3,SEQUENTIAL,0.15976331360946747,0.38028169014084506,0.10112359550561797,0.6197183098591549,7.111111111111111,71,27,267
563,M7+M8+V7,3,SEQUENTIAL,0.1594103531025026,0.2542372881355932,0.11610486891385768,0.7457627118644068,12.012500000000001,118,31,267
564,M5+VOL6+V4,3,SEQUENTIAL,0.15929978118161925,0.4375,0.09737827715355805,0.5625,10.018518518518519,64,26,267
565,VOL6+V7+VOL3,3,SEQUENTIAL,0.15872725610313615,0.3263157894736842,0.10486891385767791,0.6736842105263158,12.200000000000001,95,28,267
566,M5+VOL6+M7,3,SEQUENTIAL,0.1577287066246057,0.5,0.09363295880149813,0.5,9.944444444444445,52,25,267
567,VOL6+V7+VOL4,3,SEQUENTIAL,0.15549901046084255,0.4583333333333333,0.09363295880149813,0.5416666666666666,8.481481481481481,72,25,267
568,VOL6+V4,2,AND,0.1545873910814967,0.26804123711340205,0.10861423220973783,0.7319587628865979,8.208333333333332,97,29,267
569,V7+VOL3,2,AND,0.15408132069703456,0.2903225806451613,0.10486891385767791,0.7096774193548387,13.304166666666667,93,28,267
570,M7+V7+VOL4,3,SEQUENTIAL,0.1536819637139808,0.32,0.10112359550561797,0.68,9.284391534391535,100,27,267
571,M7+VOL4,2,AND,0.15325460038450972,0.3163265306122449,0.10112359550561797,0.6836734693877551,10.848148148148148,98,27,267
572,V7+X5+VOL4,3,SEQUENTIAL,0.15269256987048396,0.2807017543859649,0.10486891385767791,0.7192982456140351,9.524867724867725,114,28,267
573,M5+M8+V4,3,SEQUENTIAL,0.1526359046612657,0.4126984126984127,0.09363295880149813,0.5873015873015873,8.458333333333334,63,25,267
574,M5+M6+V4,3,SEQUENTIAL,0.15018050541516245,0.45614035087719296,0.0898876404494382,0.543859649122807,7.314814814814816,57,24,267
575,VOL3+M6,2,SEQUENTIAL,0.148890479599141,0.43333333333333335,0.0898876404494382,0.5666666666666667,8.86111111111111,60,24,267
576,M5+X5+VOL3,3,SEQUENTIAL,0.14775525667740103,0.30612244897959184,0.09737827715355805,0.6938775510204082,11.705555555555556,98,26,267
577,M7+V7+V4,3,SEQUENTIAL,0.1470047776552738,0.4032258064516129,0.0898876404494382,0.5967741935483871,8.355555555555556,62,24,267
578,VOL6+VOL3+VOL4,3,SEQUENTIAL,0.14639050874723505,0.29473684210526313,0.09737827715355805,0.7052631578947368,10.12037037037037,95,26,267
579,M5+VOL6+V7,3,SEQUENTIAL,0.1446676970633694,0.28125,0.09737827715355805,0.71875,11.322222222222221,96,26,267
580,VOL6+VOL3+V4,3,SEQUENTIAL,0.1436023320036821,0.24761904761904763,0.10112359550561797,0.7523809523809524,6.770833333333333,105,27,267
581,M8+VOL3+VOL4,3,SEQUENTIAL,0.142721217887726,0.3,0.09363295880149813,0.7,11.731944444444444,90,25,267
582,M5+M8+V7,3,SEQUENTIAL,0.13976991721320287,0.24752475247524752,0.09737827715355805,0.7524752475247525,11.885416666666668,101,26,267
583,M8+V4,2,AND,0.1396357328707719,0.3684210526315789,0.08614232209737828,0.631578947368421,4.125,57,23,267
584,X5+VOL3+VOL4,3,SEQUENTIAL,0.13952989159600732,0.2736842105263158,0.09363295880149813,0.7263157894736842,10.657407407407408,95,25,267
585,M5+V7+V4,3,SEQUENTIAL,0.13849733132612563,0.4339622641509434,0.08239700374531835,0.5660377358490566,8.614814814814814,53,22,267
586,V7+VOL3+V4,3,SEQUENTIAL,0.13619339462036092,0.2808988764044944,0.0898876404494382,0.7191011235955056,9.89375,89,24,267
587,X5+V4+VOL4,3,AND,0.13571869216533003,0.38461538461538464,0.08239700374531835,0.6153846153846154,6.722222222222222,52,22,267
588,M5+M7+VOL4,3,AND,0.13452492944496708,0.36619718309859156,0.08239700374531835,0.6338028169014085,10.972222222222221,71,22,267
589,M5+V7+VOL4,3,SEQUENTIAL,0.13451749160619517,0.3068181818181818,0.08614232209737828,0.6931818181818182,9.396296296296295,88,23,267
590,M5+VOL4,2,AND,0.13417780905465634,0.3611111111111111,0.08239700374531835,0.6388888888888888,10.972222222222221,72,22,267
591,X5+VOL3+V4,3,SEQUENTIAL,0.13310827103930553,0.2926829268292683,0.08614232209737828,0.7073170731707317,8.9125,82,23,267
592,M8+X5+VOL4,3,AND,0.12657232704402516,0.323943661971831,0.07865168539325842,0.676056338028169,4.170068027210884,71,21,267
593,X5+M6,2,SEQUENTIAL,0.12459016393442623,0.5,0.07116104868913857,0.5,8.504166666666666,38,19,267
594,V7+VOL4,2,AND,0.12256267409470753,0.2391304347826087,0.08239700374531835,0.7608695652173914,12.814814814814815,92,22,267
595,M8+VOL3+V4,3,SEQUENTIAL,0.11995715815780081,0.25263157894736843,0.07865168539325842,0.7473684210526316,8.660416666666666,95,21,267
596,VOL3+V4,2,AND,0.11766729743677962,0.33962264150943394,0.07116104868913857,0.660377358490566,9.000000000000002,53,19,267
597,VOL6+M7+M8,3,SEQUENTIAL,0.11626128193360868,0.31746031746031744,0.07116104868913857,0.6825396825396826,8.481481481481481,63,19,267
598,VOL6+M8+X5,3,AND,0.1136490250696379,0.3617021276595745,0.06741573033707865,0.6382978723404256,4.5,47,18,267
599,M7+VOL3+V4,3,SEQUENTIAL,0.11248149975333004,0.3392857142857143,0.06741573033707865,0.6607142857142857,6.802083333333333,56,18,267
600,VOL6+M8+VOL4,3,AND,0.1108695652173913,0.42857142857142855,0.06367041198501873,0.5714285714285714,6.138888888888889,42,17,267
601,M8+V4+VOL4,3,AND,0.11061407076047175,0.42105263157894735,0.06367041198501873,0.5789473684210527,3.0,38,17,267
602,VOL6+M7+X5,3,SEQUENTIAL,0.10723672682670406,0.33962264150943394,0.06367041198501873,0.660377358490566,10.608333333333333,53,17,267
603,VOL6+X5+V4,3,AND,0.10571791613722999,0.4482758620689655,0.0599250936329588,0.5517241379310345,6.619047619047619,29,16,267
604,VOL6+M6,2,SEQUENTIAL,0.10503958293106777,0.425,0.0599250936329588,0.575,7.870370370370371,40,16,267
605,VOL6+V7+X5,3,AND,0.1038961038961039,0.3902439024390244,0.0599250936329588,0.6097560975609756,9.791666666666668,41,16,267
606,M5+X5,2,AND,0.10383440787241263,0.28125,0.06367041198501873,0.71875,9.447916666666668,64,17,267
607,VOL6+X5+VOL4,3,AND,0.10232983097304706,0.35,0.0599250936329588,0.65,7.547619047619047,40,16,267
608,V7+M6,2,SEQUENTIAL,0.10037641154328733,0.47058823529411764,0.056179775280898875,0.5294117647058824,10.354166666666666,34,15,267
609,M8+V7+V4,3,SEQUENTIAL,0.09941520467836257,0.22666666666666666,0.06367041198501873,0.7733333333333333,12.583333333333332,75,17,267
610,M7+X5,2,AND,0.09925397340253,0.225,0.06367041198501873,0.775,9.208333333333332,80,17,267
611,VOL6+V7+V4,3,SEQUENTIAL,0.0985958485958486,0.21839080459770116,0.06367041198501873,0.7816091954022989,9.685185185185183,87,17,267
612,V7+VOL3+VOL4,3,SEQUENTIAL,0.09667673716012086,0.25,0.0599250936329588,0.75,7.70625,76,16,267
613,M7+VOL3+VOL4,3,SEQUENTIAL,0.09558952732384468,0.2361111111111111,0.0599250936329588,0.7638888888888888,7.7666666666666675,72,16,267
614,M6+V4,2,AND,0.09364548494983277,0.4375,0.052434456928838954,0.5625,10.309523809523808,32,14,267
615,VOL6+M8+V7,3,AND,0.09271523178807947,0.4,0.052434456928838954,0.6,8.666666666666668,35,14,267
616,M8+X5+V4,3,AND,0.09235843870258384,0.3870967741935484,0.052434456928838954,0.6129032258064516,2.357142857142857,31,14,267
617,M5+VOL3+V4,3,SEQUENTIAL,0.09116561753852834,0.3488372093023256,0.052434456928838954,0.6511627906976745,7.666666666666666,43,14,267
618,M8+M6,2,SEQUENTIAL,0.08974358974358974,0.3111111111111111,0.052434456928838954,0.6888888888888889,8.4375,45,14,267
619,M8+V7+X5,3,AND,0.08637873754152824,0.38235294117647056,0.04868913857677903,0.6176470588235294,10.071428571428571,34,13,267
620,VOL6+V7+VOL3,3,AND,0.0861878453038674,0.375,0.04868913857677903,0.625,12.75,32,13,267
621,M5+V4+VOL4,3,SEQUENTIAL,0.0849673202614379,0.3333333333333333,0.04868913857677903,0.6666666666666666,11.11904761904762,42,13,267
622,M7+V4+VOL4,3,SEQUENTIAL,0.08420078649086282,0.3111111111111111,0.04868913857677903,0.6888888888888889,10.833333333333334,45,13,267
623,M5+V7+M6,3,SEQUENTIAL,0.08221343873517786,0.48148148148148145,0.0449438202247191,0.5185185185185185,10.5,27,12,267
624,M5+M7+X5,3,AND,0.08150470219435736,0.25,0.04868913857677903,0.75,9.697916666666668,56,13,267
625,M7+VOL3+M6,3,SEQUENTIAL,0.08108108108108109,0.41379310344827586,0.0449438202247191,0.5862068965517241,5.020833333333333,29,12,267
626,M5+VOL3+VOL4,3,SEQUENTIAL,0.0801056338028169,0.22580645161290322,0.04868913857677903,0.7741935483870968,8.354166666666668,62,13,267
627,V7+M6,2,AND,0.07973421926910298,0.35294117647058826,0.0449438202247191,0.6470588235294118,13.625,34,12,267
628,VOL6+V4+VOL4,3,AND,0.07920792079207921,0.3333333333333333,0.0449438202247191,0.6666666666666666,4.444444444444444,30,12,267
629,V7+V4,2,AND,0.07875378623972307,0.20588235294117646,0.04868913857677903,0.7941176470588235,10.875,68,13,267
630,M5+VOL6+M6,3,SEQUENTIAL,0.07586206896551724,0.4782608695652174,0.04119850187265917,0.5217391304347826,8.404761904761905,23,11,267
631,VOL6+M7+M6,3,SEQUENTIAL,0.07568139719502513,0.4642857142857143,0.04119850187265917,0.5357142857142857,9.020833333333332,28,11,267
632,M7+M8,2,AND,0.07407407407407407,0.21052631578947367,0.0449438202247191,0.7894736842105263,12.375,57,12,267
633,VOL6+M7,2,AND,0.07308970099667773,0.3235294117647059,0.04119850187265917,0.6764705882352942,9.416666666666666,34,11,267
634,VOL6+M7+V7,3,SEQUENTIAL,0.0721311475409836,0.2894736842105263,0.04119850187265917,0.7105263157894737,8.0,38,11,267
635,M5+M8,2,AND,0.07096774193548386,0.2558139534883721,0.04119850187265917,0.7441860465116279,12.8125,43,11,267
636,M5+M7+M8,3,AND,0.07096774193548386,0.2558139534883721,0.04119850187265917,0.7441860465116279,12.8125,43,11,267
637,M7+V7,2,AND,0.07092198581560284,0.6666666666666666,0.03745318352059925,0.3333333333333333,10.166666666666666,15,10,267
638,VOL6+V4+VOL4,3,SEQUENTIAL,0.07032498668087374,0.24,0.04119850187265917,0.76,11.6875,50,11,267
639,M7+X5+M6,3,SEQUENTIAL,0.0696864111498258,0.5,0.03745318352059925,0.5,7.285714285714286,20,10,267
640,VOL3+M6,2,AND,0.0681044267877412,0.375,0.03745318352059925,0.625,10.233333333333333,32,10,267
641,VOL6+M8+V4,3,AND,0.06791171477079797,0.36363636363636365,0.03745318352059925,0.6363636363636364,2.0,22,10,267
642,VOL6+M7+V4,3,SEQUENTIAL,0.06734006734006734,0.3333333333333333,0.03745318352059925,0.6666666666666666,8.972222222222223,30,10,267
643,M8+X5+VOL3,3,AND,0.06610356224752112,0.28125,0.03745318352059925,0.71875,6.888888888888889,32,10,267
644,M8+V4+VOL4,3,SEQUENTIAL,0.06451612903225806,0.23255813953488372,0.03745318352059925,0.7674418604651163,11.1875,43,10,267
645,M5+X5+M6,3,SEQUENTIAL,0.06338028169014084,0.5294117647058824,0.033707865168539325,0.47058823529411764,8.0,17,9,267
646,VOL6+M8+VOL3,3,AND,0.06193548387096774,0.38095238095238093,0.033707865168539325,0.6190476190476191,10.25,21,9,267
647,M5+VOL3+M6,3,SEQUENTIAL,0.061224489795918366,0.3333333333333333,0.033707865168539325,0.6666666666666666,3.9285714285714284,27,9,267
648,VOL6+V7+VOL4,3,AND,0.0606060606060606,0.3,0.033707865168539325,0.7,12.0,30,9,267
649,M8+VOL3+VOL4,3,AND,0.06,0.2727272727272727,0.033707865168539325,0.7272727272727273,8.5,33,9,267
650,VOL6+X5+VOL3,3,AND,0.0598503740648379,0.26666666666666666,0.033707865168539325,0.7333333333333333,9.785714285714286,30,9,267
651,M6+VOL4,2,AND,0.05896805896805896,0.23529411764705882,0.033707865168539325,0.7647058823529411,9.666666666666666,34,9,267
652,VOL6+X5+M6,3,SEQUENTIAL,0.057347670250896064,0.6666666666666666,0.0299625468164794,0.3333333333333333,8.5,12,8,267
653,M5+M6+V4,3,AND,0.056939501779359435,0.5714285714285714,0.0299625468164794,0.42857142857142855,9.75,14,8,267
654,M5+VOL3+VOL4,3,AND,0.05574912891986063,0.4,0.0299625468164794,0.6,7.666666666666667,20,8,267
655,M7+M6+V4,3,AND,0.05574912891986063,0.4,0.0299625468164794,0.6,10.2,20,8,267
656,M6+V4+VOL4,3,SEQUENTIAL,0.05566293003478933,0.391304347826087,0.0299625468164794,0.6086956521739131,7.4,23,8,267
657,M7+V7+M6,3,SEQUENTIAL,0.05532078371110257,0.36,0.0299625468164794,0.64,12.166666666666666,25,8,267
658,M5+VOL6+M7,3,AND,0.05517241379310344,0.34782608695652173,0.0299625468164794,0.6521739130434783,10.8,23,8,267
659,M5+VOL6,2,AND,0.054982817869415807,0.3333333333333333,0.0299625468164794,0.6666666666666666,10.8,24,8,267
660,VOL3+M6+VOL4,3,SEQUENTIAL,0.05481537875904073,0.32142857142857145,0.0299625468164794,0.6785714285714286,11.4,28,8,267
661,M7+VOL3+VOL4,3,AND,0.0547945205479452,0.32,0.0299625468164794,0.68,7.666666666666667,25,8,267
662,VOL6+M6,2,AND,0.05460750853242321,0.3076923076923077,0.0299625468164794,0.6923076923076923,11.166666666666666,26,8,267
663,M7+VOL3+V4,3,AND,0.04982206405693951,0.5,0.026217228464419477,0.5,11.7,14,7,267
664,X5+M6+VOL4,3,SEQUENTIAL,0.04946996466431095,0.4375,0.026217228464419477,0.5625,4.066666666666667,16,7,267
665,M5+V4+VOL4,3,AND,0.04844290657439446,0.3181818181818182,0.026217228464419477,0.6818181818181818,13.3,22,7,267
666,X5+V4+VOL4,3,SEQUENTIAL,0.04717775905644482,0.23529411764705882,0.026217228464419477,0.7647058823529411,11.066666666666666,34,7,267
667,M7+V4+VOL4,3,AND,0.04713804713804714,0.23333333333333334,0.026217228464419477,0.7666666666666667,13.3,30,7,267
668,X5+M6,2,AND,0.04590163934426229,0.18421052631578946,0.026217228464419477,0.8157894736842105,8.0,38,7,267
669,X5+VOL3+M6,3,SEQUENTIAL,0.0425531914893617,0.4,0.02247191011235955,0.6,11.3,15,6,267
670,VOL3+V4+VOL4,3,AND,0.042105263157894736,0.3333333333333333,0.02247191011235955,0.6666666666666666,10.4,18,6,267
671,M5+M6+VOL4,3,AND,0.041928721174004195,0.3125,0.02247191011235955,0.6875,9.25,16,6,267
672,VOL6+M8+M6,3,SEQUENTIAL,0.041379310344827586,0.2608695652173913,0.02247191011235955,0.7391304347826086,7.333333333333333,23,6,267
673,M7+X5+M6,3,AND,0.041237113402061855,0.25,0.02247191011235955,0.75,9.25,24,6,267
674,X5+VOL3+VOL4,3,AND,0.04081632653061224,0.2222222222222222,0.02247191011235955,0.7777777777777778,9.1,27,6,267
675,M7+M6+VOL4,3,AND,0.04073319755600815,0.21739130434782608,0.02247191011235955,0.782608695652174,9.25,23,6,267
676,VOL6+M7+VOL3,3,SEQUENTIAL,0.040268456375838924,0.1935483870967742,0.02247191011235955,0.8064516129032258,12.833333333333334,31,6,267
677,VOL6+M7+VOL4,3,SEQUENTIAL,0.040268456375838924,0.1935483870967742,0.02247191011235955,0.8064516129032258,6.8,31,6,267
678,M8+V7+VOL4,3,AND,0.040268456375838924,0.1935483870967742,0.02247191011235955,0.8064516129032258,5.2,31,6,267
679,V7+V4+VOL4,3,SEQUENTIAL,0.03986710963455149,0.17647058823529413,0.02247191011235955,0.8235294117647058,15.833333333333334,34,6,267
680,M5+X5+V4,3,AND,0.03623188405797101,0.5555555555555556,0.018726591760299626,0.4444444444444444,12.125,9,5,267
681,V7+X5+M6,3,SEQUENTIAL,0.036101083032490974,0.5,0.018726591760299626,0.5,9.2,10,5,267
682,VOL6+VOL3+M6,3,SEQUENTIAL,0.03597122302158274,0.45454545454545453,0.018726591760299626,0.5454545454545454,11.2,11,5,267
683,M5+VOL3+V4,3,AND,0.03597122302158274,0.45454545454545453,0.018726591760299626,0.5454545454545454,11.8,11,5,267
684,M7+X5+V4,3,AND,0.03571428571428572,0.38461538461538464,0.018726591760299626,0.6153846153846154,12.125,13,5,267
685,M7+VOL3+M6,3,AND,0.03546099290780142,0.3333333333333333,0.018726591760299626,0.6666666666666666,7.5,15,5,267
686,X5+VOL3+V4,3,AND,0.035304501323918804,0.3076923076923077,0.018726591760299626,0.6923076923076923,9.5,13,5,267
687,M5+X5+M6,3,AND,0.03496503496503497,0.2631578947368421,0.018726591760299626,0.7368421052631579,10.375,19,5,267
688,VOL6+V7+V4,3,AND,0.03436426116838488,0.20833333333333334,0.018726591760299626,0.7916666666666666,12.5,24,5,267
689,X5+M6+V4,3,AND,0.02888086642599278,0.4,0.0149812734082397,0.6,7.5,10,4,267
690,VOL3+M6+V4,3,SEQUENTIAL,0.028673835125448032,0.3333333333333333,0.0149812734082397,0.6666666666666666,12.0,12,4,267
691,M8+V7+VOL3,3,AND,0.028469750889679717,0.2857142857142857,0.0149812734082397,0.7142857142857143,17.666666666666668,14,4,267
692,M5+VOL3+M6,3,AND,0.028368794326241138,0.26666666666666666,0.0149812734082397,0.7333333333333333,8.166666666666666,15,4,267
693,VOL6+VOL3+VOL4,3,AND,0.02826855123674912,0.25,0.0149812734082397,0.75,11.5,16,4,267
694,M8+VOL3+M6,3,SEQUENTIAL,0.02826855123674912,0.25,0.0149812734082397,0.75,13.333333333333334,16,4,267
695,M5+M8+VOL4,3,AND,0.028169014084507043,0.23529411764705882,0.0149812734082397,0.7647058823529411,12.5,17,4,267
696,VOL6+VOL3+V4,3,AND,0.028135990621336458,0.23076923076923078,0.0149812734082397,0.7692307692307693,12.333333333333334,13,4,267
697,M6+V4+VOL4,3,AND,0.02807017543859649,0.2222222222222222,0.0149812734082397,0.7777777777777778,12.0,18,4,267
698,V7+X5+VOL4,3,AND,0.02768166089965398,0.18181818181818182,0.0149812734082397,0.8181818181818182,8.75,22,4,267
699,M7+M8+VOL4,3,AND,0.027491408934707903,0.16666666666666666,0.0149812734082397,0.8333333333333334,12.5,24,4,267
700,VOL3+V4+VOL4,3,SEQUENTIAL,0.026490066225165563,0.11428571428571428,0.0149812734082397,0.8857142857142857,11.5,35,4,267
701,VOL6+V7+M6,3,SEQUENTIAL,0.02214022140221402,0.75,0.011235955056179775,0.25,8.25,4,3,267
702,VOL6+VOL3+M6,3,AND,0.022058823529411763,0.6,0.011235955056179775,0.4,9.333333333333334,5,3,267
703,M5+VOL6+V4,3,AND,0.021897810218978103,0.42857142857142855,0.011235955056179775,0.5714285714285714,13.25,7,3,267
704,V7+VOL3+M6,3,SEQUENTIAL,0.021897810218978103,0.42857142857142855,0.011235955056179775,0.5714285714285714,8.333333333333334,7,3,267
705,M8+V7+V4,3,AND,0.021818181818181816,0.375,0.011235955056179775,0.625,5.0,8,3,267
706,V7+M6+V4,3,SEQUENTIAL,0.021739130434782608,0.3333333333333333,0.011235955056179775,0.6666666666666666,14.666666666666666,9,3,267
707,VOL6+M7+V4,3,AND,0.021739130434782608,0.3333333333333333,0.011235955056179775,0.6666666666666666,13.25,9,3,267
708,X5+M6+V4,3,SEQUENTIAL,0.021660649819494584,0.3,0.011235955056179775,0.7,3.6666666666666665,10,3,267
709,M8+X5+M6,3,SEQUENTIAL,0.021660649819494584,0.3,0.011235955056179775,0.7,14.333333333333334,10,3,267
710,V7+V4+VOL4,3,AND,0.021582733812949638,0.2727272727272727,0.011235955056179775,0.7272727272727273,5.0,11,3,267
711,M8+M6+V4,3,SEQUENTIAL,0.021447721179624665,0.23529411764705882,0.011235955056179775,0.7647058823529411,9.25,17,3,267
712,M5+X5+VOL4,3,AND,0.021428571428571425,0.23076923076923078,0.011235955056179775,0.7692307692307693,11.0,13,3,267
713,M8+VOL3+V4,3,AND,0.0213903743315508,0.2222222222222222,0.011235955056179775,0.7777777777777778,1.5,9,3,267
714,V7+VOL3+VOL4,3,AND,0.021201413427561835,0.1875,0.011235955056179775,0.8125,16.666666666666668,16,3,267
715,M8+M6+VOL4,3,SEQUENTIAL,0.020979020979020976,0.15789473684210525,0.011235955056179775,0.8421052631578947,5.333333333333333,19,3,267
716,M8+M6,2,AND,0.020979020979020976,0.15789473684210525,0.011235955056179775,0.8421052631578947,9.0,19,3,267
717,M7+X5+VOL4,3,AND,0.020905923344947733,0.15,0.011235955056179775,0.85,11.0,20,3,267
718,VOL6+M7+V7,3,AND,0.01486988847583643,1.0,0.00749063670411985,0.0,4.5,2,2,267
719,M5+VOL6+M8,3,AND,0.014760147601476014,0.5,0.00749063670411985,0.5,10.0,4,2,267
720,VOL6+M7+M8,3,AND,0.014760147601476014,0.5,0.00749063670411985,0.5,10.0,4,2,267
721,M8+V7+M6,3,SEQUENTIAL,0.014652014652014652,0.3333333333333333,0.00749063670411985,0.6666666666666666,10.0,6,2,267
722,M5+VOL6+X5,3,AND,0.014652014652014652,0.3333333333333333,0.00749063670411985,0.6666666666666666,14.5,6,2,267
723,V7+VOL3+M6,3,AND,0.014598540145985401,0.2857142857142857,0.00749063670411985,0.7142857142857143,18.0,7,2,267
724,VOL6+M7+X5,3,AND,0.014598540145985401,0.2857142857142857,0.00749063670411985,0.7142857142857143,14.5,7,2,267
725,M7+M8+VOL3,3,AND,0.014545454545454545,0.25,0.00749063670411985,0.75,7.5,8,2,267
726,M5+VOL6+VOL4,3,AND,0.014545454545454545,0.25,0.00749063670411985,0.75,11.0,8,2,267
727,VOL6+M6+V4,3,SEQUENTIAL,0.014492753623188406,0.2222222222222222,0.00749063670411985,0.7777777777777778,13.0,9,2,267
728,V7+X5+V4,3,AND,0.014492753623188406,0.2222222222222222,0.00749063670411985,0.7777777777777778,5.0,9,2,267
729,X5+M6+VOL4,3,AND,0.01444043321299639,0.2,0.00749063670411985,0.8,7.0,10,2,267
730,V7+M6+VOL4,3,SEQUENTIAL,0.014336917562724016,0.16666666666666666,0.00749063670411985,0.8333333333333334,9.0,12,2,267
731,VOL6+M7+VOL4,3,AND,0.014336917562724016,0.16666666666666666,0.00749063670411985,0.8333333333333334,11.0,12,2,267
732,M7+X5+VOL3,3,AND,0.014234875444839859,0.14285714285714285,0.00749063670411985,0.8571428571428571,5.0,14,2,267
733,M7+V7+VOL4,3,AND,0.007434944237918215,0.5,0.003745318352059925,0.5,2.0,2,1,267
734,M7+V7+M6,3,AND,0.007434944237918215,0.5,0.003745318352059925,0.5,12.0,2,1,267
735,VOL3+M6+V4,3,AND,0.007380073800738007,0.25,0.003745318352059925,0.75,16.0,4,1,267
736,VOL6+V7+M6,3,AND,0.007380073800738007,0.25,0.003745318352059925,0.75,16.0,4,1,267
737,M5+VOL6+M6,3,AND,0.007352941176470588,0.2,0.003745318352059925,0.8,15.0,5,1,267
738,M5+M8+VOL3,3,AND,0.007352941176470588,0.2,0.003745318352059925,0.8,7.0,5,1,267
739,V7+VOL3+V4,3,AND,0.0072992700729927005,0.14285714285714285,0.003745318352059925,0.8571428571428571,1.0,7,1,267
740,VOL3+M6+VOL4,3,AND,0.0072992700729927005,0.14285714285714285,0.003745318352059925,0.8571428571428571,3.0,7,1,267
741,VOL6+M7+M6,3,AND,0.0072992700729927005,0.14285714285714285,0.003745318352059925,0.8571428571428571,15.0,7,1,267
742,M5+M8+M6,3,SEQUENTIAL,0.007272727272727273,0.125,0.003745318352059925,0.875,4.0,8,1,267
743,M5+M8+X5,3,AND,0.007246376811594203,0.1111111111111111,0.003745318352059925,0.8888888888888888,13.0,9,1,267
744,M7+M8+M6,3,SEQUENTIAL,0.007246376811594203,0.1111111111111111,0.003745318352059925,0.8888888888888888,4.0,9,1,267
745,M5+X5+VOL3,3,AND,0.007220216606498195,0.1,0.003745318352059925,0.9,2.0,10,1,267
746,VOL6+M6+VOL4,3,SEQUENTIAL,0.007194244604316547,0.09090909090909091,0.003745318352059925,0.9090909090909091,5.0,11,1,267
747,M7+M8+X5,3,AND,0.007142857142857144,0.07692307692307693,0.003745318352059925,0.9230769230769231,13.0,13,1,267
748,V7+X5+VOL3,3,AND,0.00706713780918728,0.0625,0.003745318352059925,0.9375,19.0,16,1,267
749,M8+VOL3+M6,3,AND,0.0,0.0,0.0,1.0,,3,0,267
750,M8+X5+M6,3,AND,0.0,0.0,0.0,1.0,,8,0,267
751,M5+V7+X5,3,AND,0.0,0.0,0.0,0.0,,0,0,267
752,M5+M8+V7,3,AND,0.0,0.0,0.0,0.0,,0,0,267
753,VOL6+M7+VOL3,3,AND,0.0,0.0,0.0,1.0,,4,0,267
754,M5+M7+V7,3,AND,0.0,0.0,0.0,0.0,,0,0,267
755,M5+VOL6+VOL3,3,AND,0.0,0.0,0.0,1.0,,2,0,267
756,M8+V7+M6,3,AND,0.0,0.0,0.0,0.0,,0,0,267
757,V7+M6+V4,3,AND,0.0,0.0,0.0,1.0,,2,0,267
758,X5+VOL3+M6,3,AND,0.0,0.0,0.0,1.0,,6,0,267
759,M8+M6+VOL4,3,AND,0.0,0.0,0.0,1.0,,6,0,267
760,M8+M6+V4,3,AND,0.0,0.0,0.0,1.0,,2,0,267
761,M5+V7+M6,3,AND,0.0,0.0,0.0,0.0,,0,0,267
762,M5+V7+VOL3,3,AND,0.0,0.0,0.0,0.0,,0,0,267
763,VOL6+M8+M6,3,AND,0.0,0.0,0.0,0.0,,0,0,267
764,M5+V7+V4,3,AND,0.0,0.0,0.0,0.0,,0,0,267
765,M5+VOL6+V7,3,AND,0.0,0.0,0.0,0.0,,0,0,267
766,M5+V7+VOL4,3,AND,0.0,0.0,0.0,0.0,,0,0,267
767,M5+M8+V4,3,AND,0.0,0.0,0.0,1.0,,3,0,267
768,V7+X5+M6,3,AND,0.0,0.0,0.0,0.0,,0,0,267
769,M7+V7+V4,3,AND,0.0,0.0,0.0,0.0,,0,0,267
770,M7+V7+VOL3,3,AND,0.0,0.0,0.0,1.0,,1,0,267
771,M5+M8+M6,3,AND,0.0,0.0,0.0,1.0,,5,0,267
772,M7+V7+X5,3,AND,0.0,0.0,0.0,0.0,,0,0,267
773,VOL6+X5+M6,3,AND,0.0,0.0,0.0,1.0,,3,0,267
774,M7+M8+V7,3,AND,0.0,0.0,0.0,1.0,,1,0,267
775,VOL6+M6+V4,3,AND,0.0,0.0,0.0,1.0,,5,0,267
776,VOL6+M6+VOL4,3,AND,0.0,0.0,0.0,1.0,,5,0,267
777,V7+M6+VOL4,3,AND,0.0,0.0,0.0,1.0,,1,0,267
778,M7+M8+V4,3,AND,0.0,0.0,0.0,1.0,,5,0,267
779,M7+M8+M6,3,AND,0.0,0.0,0.0,1.0,,6,0,267
780,M5+V7,2,AND,0.0,0.0,0.0,0.0,,0,0,267
